Word,Alternate Spellings,Syllables,Meaning (Tamil),Meaning (English),Related Words,,
a,,1,,,,,
a aa,,2,,,,,
ahkam,,2,,,,,
ahkal,,2,,,,,
ahkaamai,,3,,,,,
ahkaan,,2,,,,,
ahkiya aRivu,,6,,,,,
ahku,,2,,,,,
ahkudhal,,3,,,,,
ahgaenam,,3,,,,,
ahdhaandRu,,3,,,,,
ahdhu,,2,,,,,
ahdhae,,2,,,,,
ahdhai,,2,,,,,
ahpoadham,,3,,,,,
ahRiNai,,3,,,,,
akkakkaay,,3,,,,,
akkasaalai,,4,,,,,
akkasaalaiyar,,5,,,,,
akkada,,3,,,,,
akkadaa,,3,,,,,
akkadaavendRu,,5,,,,,
akkadhai,,3,,,,,
akkappoar,,3,,,,,
akkam,,2,,,,,
akkampakkam,,4,,,,,
akkamaNi,,4,,,,,
akkamaalai,,4,,,,,
akkarachchudhagam,,,,,,,
akkaram,,,,,,,
akkarai,,,,,,,
akkaraichcheemai,,,,,,,
akkaraippachai,,,,,,,
akkaraippadu,,,,,,,
akkaRai,,,,,,,
akkaRaippadu,,,,,,,
akkaa,,,,,,,
akkaakkaay,,,,,,,
akkaaram,,,,,,,
akkaaravadisal,,,,,,,
akkaaL,,,,,,,
aggirapoojai,,,,,,,
akkiramam,,,,,,,
akkiraasanam,,,,,,,
akkiraasanar,,,,,,,
akkiraajanaadhipadhi,,,,,,,
akkilu,,,,,,,
akkiL,,,,,,,
aggini,,,,,,,
agginikkiriyai,,,,,,,
agginikkuNdam,,,,,,,
agginisaatchi,,,,,,,
agginithambam,,,,,,,
agginithamban,,,,,,,
agginithirayam,,,,,,,
agginiththraavagam,,,,,,,
agginiththisai,,,,,,,
agginiththaevan,,,,,,,
aggininatchathiram,,,,,,,
agginivaaganam,,,,,,,
akkuththu,,,,,,,
akkuroaNi,,,,,,,
akkuL,,,,,,,
agńikriyai,,,,,,,
agńikuNdam,,,,,,,
agńisaatchi,,,,,,,
agńiththambam,,,,,,,
agńiththamban,,,,,,,
agńiththambanam,,,,,,,
agńiththirayam,,,,,,,
agńithrayam,,,,,,,
agńidhisai,,,,,,,
agńidhiraavagam,,,,,,,
agńidhaevan,,,,,,,
agńińakshathram,,,,,,,
agńińatchaththiram,,,,,,,
agńipravaesam,,,,,,,
agńivaaganam,,,,,,,
agńivaahanam,,,,,,,
akrapoojai,,,,,,,
akramam,,,,,,,
agrahaaram,,,,,,,
agraasanam,,,,,,,
agraasanar,,,,,,,
agraajanaadhipadhi,,,,,,,
akruthyam,,,,,,,
agakkaN,,,,,,,
agakkaazh,,,,,,,
agangari,,,,,,,
agangaaram,,,,,,,
agangaari,,,,,,,
agangaazh,,,,,,,
agangai,,,,,,,
agachchuttu,,,,,,,
agasiyam,,,,,,,
agasu,,,,,,,
agadam,,,,,,,
agadavigadam,,,,,,,
agadithagadanaa,,,,,,,
agaditham,,,,,,,
agadiyam,,,,,,,
agadu,,,,,,,
agadoori,,,,,,,
agaNdakaavaeri,,,,,,,
agaNdadheepam,,,,,,,
agaNdaparipooraNam,,,,,,,
agaNdam,,,,,,,
agaNdaakaaram,,,,,,,
agandi,,,,,,,
agaththadimai,,,,,,,
agaththadiyaaL,,,,,,,
agaththi,,,,,,,
agaththiNai,,,,,,,
agaththiyam,,,,,,,
agaththiyan,,,,,,,
agaththuRuppu,,,,,,,
agaththuRai,,,,,,,
agadhan,,,,,,,
agadhi,,,,,,,
agańdhai,,,,,,,
agańagar,,,,,,,
agańagai,,,,,,,
agańaanooRu,,,,,,,
agappagai,,,,,,,
agappadu,,,,,,,
agappaNi,,,,,,,
agappatRu,,,,,,,
agappaa,,,,,,,
agappaattu,,,,,,,
agappu,,,,,,,
agappai,,,,,,,
agapporul,,,,,,,
agam,,,,,,,
agampadiyaar,,,,,,,
agambaavam,,,,,,,
agamudaiyaaL,,,,,,,
agamudaiyaan,,,,,,,
agar,,,,,,,
agarNam,,,,,,,
agarńisam,,,,,,,
agarmaNi,,,,,,,
agarmugam,,,,,,,
agaram,,,,,,,
agaraadhi,,,,,,,
agaru,,,,,,,
agal,,,,,,,
agalakkavi,,,,,,,
agalakkaal vai,,,,,,,
agalam,,,,,,,
agalavurai,,,,,,,
agalidam,,,,,,,
agavadi,,,,,,,
agaval,,,,,,,
agavaloasai,,,,,,,
agavaRpaa,,,,,,,
agavanmagaL,,,,,,,
agavidhazh,,,,,,,
agaviruL,,,,,,,
agavilai,,,,,,,
agavu,,,,,,,
agavai,,,,,,,
agazh,,,,,,,
agazhi,,,,,,,
agazheli,,,,,,,
agaLangam,,,,,,,
agaLangan,,,,,,,
agaLam,,,,,,,
agaRchi,,,,,,,
agatRu,,,,,,,
agandRil,,,,,,,
aganaińdhiNai,,,,,,,
agaadham,,,,,,,
akaaraNam,,,,,,,
akaaraNan,,,,,,,
akaaram,,,,,,,
akaariyam,,,,,,,
akaalaboajanam,,,,,,,
akaalamaraNam,,,,,,,
akaalam,,,,,,,
aki,,,,,,,
akithalam,,,,,,,
akipadhi,,,,,,,
agimsai,,,,,,,
akiruththiyam,,,,,,,
agil,,,,,,,
agilam,,,,,,,
agilaaNdam,,,,,,,
agai,,,,,,,
agoaram,,,,,,,
agoaran,,,,,,,
agoaraaththiram,,,,,,,
agowravam,,,,,,,
angageenam,,,,,,,
angageenan,,,,,,,
angasan,,,,,,,
angasaettai,,,,,,,
angaN,,,,,,,
angaNam,,,,,,,
angaNan,,,,,,,
angaththavar,,,,,,,
angaththinar,,,,,,,
angadhachcheyyuL,,,,,,,
angadham,,,,,,,
angappiradhatchiNam,,,,,,,
angapradhakshiNam,,,,,,,
angam,,,,,,,
angamaalai,,,,,,,
angalaay,,,,,,,
angavadi,,,,,,,
angavaththiram,,,,,,,
angavasthiram,,,,,,,
angaviyal,,,,,,,
angaveenam,,,,,,,
angaveenan,,,,,,,
anganai,,,,,,,
angaheenam,,,,,,,
angaheenan,,,,,,,
angaa,,,,,,,
angaadi,,,,,,,
angaadikkooli,,,,,,,
angaadippaattam,,,,,,,
angaappu,,,,,,,
angaaragan,,,,,,,
angi,,,,,,,
angigaaram,,,,,,,
angiyangadavuL,,,,,,,
angeegaraNam,,,,,,,
angeegari,,,,,,,
angeegariththal,,,,,,,
angeegaaram,,,,,,,
angu,,,,,,,
angusapaaNi,,,,,,,
angus,,,,,,,
anguttam,,,,,,,
anguththai,,,,,,,
anguram,,,,,,,
anguraarppaNam,,,,,,,
anguri,,,,,,,
angulam,,,,,,,
anguli,,,,,,,
anguligam,,,,,,,
anguliyam,,,,,,,
angushtam,,,,,,,
angae,,,,,,,
angai,,,,,,,
angnganam,,,,,,,
achchagam,,,,,,,
achchadi,,,,,,,
achchadaiyaaLam,,,,,,,
achcham,,,,,,,
achchamaadal,,,,,,,
achchan,,,,,,,
achchaaNi,,,,,,,
achchaaram,,,,,,,
achchaaniyam,,,,,,,
achichiram,,,,,,,
achchu,,,,,,,
achuchukkattu,,,,,,,
achchukkoodam,,,,,,,
achuchudhan,,,,,,,
achuchulakkai,,,,,,,
achchuvini,,,,,,,
achchuvinithaevar,,,,,,,
achchuRu,,,,,,,
achchuRuththu,,,,,,,
achchena,,,,,,,
achchoa,,,,,,,
asakku,,,,,,,
asagaayasooran,,,,,,,
asangadham,,,,,,,
asangiyam,,,,,,,
asangu,,,,,,,
asanjalam,,,,,,,
asattan,,,,,,,
asattai,,,,,,,
asadan,,,,,,,
asaduthattu,,,,,,,
asaduvazhi,,,,,,,
asaththiyam,,,,,,,
asaththu,,,,,,,
asadhi,,,,,,,
asadhiyaadu,,,,,,,
asandharppam,,,,,,,
asappiyam,,,,,,,
asappu,,,,,,,
asam,,,,,,,
asambaavidham,,,,,,,
asambiraetchiyam,,,,,,,
asambiraetchiya kaariyaththuvam,,,,,,,
asamanjan,,,,,,,
asamandham,,,,,,,
asamam,,,,,,,
asardhal,,,,,,,
asarappodu,,,,,,,
asaram,,,,,,,
asareeri,,,,,,,
asal,,,,,,,
asalakkaal,,,,,,,
asalam,,,,,,,
asalan,,,,,,,
asalai,,,,,,,
asaRpiradhi,,,,,,,
asan,,,,,,,
asanam,,,,,,,
asanavaedhi,,,,,,,
asani,,,,,,,
ajaakkiradhai,,,,,,,
asaaththiyam,,,,,,,
asaadhaaraNam,,,,,,,
asaavaamai,,,,,,,
asaavidu,,,,,,,
asaavu,,,,,,,
asaavaeri,,,,,,,
asi,,,,,,,
asingam,,,,,,,
asiththu,,,,,,,
aseerththi,,,,,,,
ajeeraNam,,,,,,,
asusi,,,,,,,
asuNam,,,,,,,
asuththam,,,,,,,
asuththi,,,,,,,
asubakkiriyai,,,,,,,
asubam,,,,,,,
asumbu,,,,,,,
asumaanagiri,,,,,,,
asurakruthyam,,,,,,,
asurakiruththiyam,,,,,,,
asurańaaL,,,,,,,
asuram,,,,,,,
asuramaNam,,,,,,,
asuramandhiri,,,,,,,
asurar,,,,,,,
asuravaiththiyam,,,,,,,
asuvagadhi,,,,,,,
asuvagandhi,,,,,,,
asuvasaaththiram,,,,,,,
asuvasaalai,,,,,,,
asuvaththam,,,,,,,
asuvappareetchai,,,,,,,
asuvam,,,,,,,
asuvaarasiyam,,,,,,,
asuvini,,,,,,,
asuvinidhaevar,,,,,,,
asuzham,,,,,,,
asooyai,,,,,,,
asaedhanam,,,,,,,
asai,,,,,,,
asaiyi,,,,,,,
asaiyiyadhu,,,,,,,
asaichcheer,,,,,,,
asaichchol,,,,,,,
asaińilai,,,,,,,
asaippu,,,,,,,
asaipoadudhal,,,,,,,
asaiyaapporuL,,,,,,,
asaiyaamaNi,,,,,,,
asaiyidudhal,,,,,,,
asaiyum poruL,,,,,,,
asaivam,,,,,,,
asaivinmai,,,,,,,
asaivu,,,,,,,
asoagam,,,,,,,
asoagu,,,,,,,
asowkkiyam,,,,,,,
asowgariyam,,,,,,,
asowcham,,,,,,,
anjam,,,,,,,
anjal,,,,,,,
anjal kaasoalai,,,,,,,
anjal kuRiyeetten,,,,,,,
anjal ńilaiyam,,,,,,,
anjalagam,,,,,,,
anjalattai,,,,,,,
anjalam,,,,,,,
anjalar,,,,,,,
anjali,,,,,,,
anjaligai,,,,,,,
anjaRkaaran,,,,,,,
anjaRappetti,,,,,,,
anjanakkoal,,,,,,,
anjanachchalaagai,,,,,,,
anjanam,,,,,,,
anjanavaNNan,,,,,,,
anjanaviththai,,,,,,,
anjanaveRpu,,,,,,,
anjani,,,,,,,
anjanai,,,,,,,
anjaamai,,,,,,,
anjaananam,,,,,,,
anjaananan,,,,,,,
anju,,,,,,,
anjugam,,,,,,,
anjubayam,,,,,,,
anjumaan,,,,,,,
anjevi,,,,,,,
anjezhuththu,,,,,,,
angyngyaadham,,,,,,,
angyngyaadhavaasam,,,,,,,
angyngyaandRu,,,,,,,
angyngyaanam,,,,,,,
angyngyai,,,,,,,
angyar,,,,,,,
atchakkoadu,,,,,,,
atchadhai,,,,,,,
atchapaadhan,,,,,,,
atcham,,,,,,,
atchamaNi,,,,,,,
atchamaalai,,,,,,,
atchaya,,,,,,,
atchayathooNi,,,,,,,
atchayapaaththiram,,,,,,,
atchayam,,,,,,,
atcharakaNidham,,,,,,,
atcharam,,,,,,,
atcharaappiyaasam,,,,,,,
atchaamsam,,,,,,,
atchi,,,,,,,
atsowhiNi,,,,,,,
attakkaRuppu,,,,,,,
attagaasam,,,,,,,
attakoaNam,,,,,,,
attasiththi,,,,,,,
attaNaikkaal,,,,,,,
attadhikkayam,,,,,,,
ashtadhikkajam,,,,,,,
attadhikkuppaalagar,,,,,,,
attańaagabandham,,,,,,,
attapaadham,,,,,,,
attamachchani,,,,,,,
attamam,,,,,,,
attamaasiththi,,,,,,,
attamaańaagam,,,,,,,
attami,,,,,,,
attamoorththam,,,,,,,
attamoorththi,,,,,,,
attal,,,,,,,
attalakkumi,,,,,,,
attalatchumi,,,,,,,
attavaNai,,,,,,,
attavaNaippaduththu,,,,,,,
attaavadhaanam,,,,,,,
attaavadhaani,,,,,,,
atti,,,,,,,
attigai,,,,,,,
attil,,,,,,,
attiRchaalai,,,,,,,
attu,,,,,,,
attoozhiyam,,,,,,,
attai,,,,,,,
ada,,,,,,,
adakkam,,,,,,,
adakkam paNNu,,,,,,,
adakku,,,,,,,
adakkumuRai,,,,,,,
adagu,,,,,,,
adanga,,,,,,,
adangal,,,,,,,
adangalan,,,,,,,
adangalum,,,,,,,
adangavum,,,,,,,
adanganmuRai,,,,,,,
adangaappidaari,,,,,,,
adangaamaari,,,,,,,
adangu,,,,,,,
adadaa,,,,,,,
adathaalam,,,,,,,
adam,,,,,,,
adamaanam,,,,,,,
adayoagam,,,,,,,
adar,,,,,,,
adarththi,,,,,,,
adarppam,,,,,,,
adarvu,,,,,,,
adal,,,,,,,
adali,,,,,,,
adalai,,,,,,,
adavi,,,,,,,
adaa,,,,,,,
ataaNaa,,,,,,,
adaadhadhu,,,,,,,
adaadhu,,,,,,,
adaappazhi,,,,,,,
adaavadi,,,,,,,
adi,,,,,,,
adikkadi,,,,,,,
adikkal,,,,,,,
adikkeezhppaduththu,,,,,,,
adikkoal,,,,,,,
adikoal,,,,,,,
adikoalu,,,,,,,
adichchaal,,,,,,,
adichchi,,,,,,,
adichchiyar,,,,,,,
adichcheeppu,,,,,,,
adichchuvadu,,,,,,,
adisil,,,,,,,
adichiRpuRam,,,,,,,
adichitRaLi,,,,,,,
adiththal,,,,,,,
adiththalam,,,,,,,
adiththaLam,,,,,,,
adiththukkooRu,,,,,,,
adiththukkoNdu poa,,,,,,,
adiththuppidiththu,,,,,,,
adiththozhil,,,,,,,
adiththoazhi,,,,,,,
adidhadi,,,,,,,
adithodu,,,,,,,
adińaa,,,,,,,
adińaaL,,,,,,,
adińilai,,,,,,,
adippadu,,,,,,,
adippaduththu,,,,,,,
adippadai,,,,,,,
adippaNi,,,,,,,
adipadu,,,,,,,
adipaNi,,,,,,,
adipiRakkidu,,,,,,,
adipeyar,,,,,,,
adipoadu,,,,,,,
adimattam,,,,,,,
adimadi,,,,,,,
adimaRimaNdilam,,,,,,,
adimaRimaatRu,,,,,,,
adimanam,,,,,,,
adimaattuvilai,,,,,,,
adimaadu,,,,,,,
adimuttaaL,,,,,,,
adimudi,,,,,,,
adimuraN,,,,,,,
adimai,,,,,,,
adimoanai,,,,,,,
adiyadiyaaga,,,,,,,
adiyańdhaadhi,,,,,,,
adiyavan,,,,,,,
adiyaLapedai,,,,,,,
adiyanaen,,,,,,,
adiyaan,,,,,,,
adiyidu,,,,,,,
adiyiyaibu,,,,,,,
adiyuram,,,,,,,
adiyuRai,,,,,,,
adiyeduththuvai,,,,,,,
adiyedhugai,,,,,,,
adiyaen,,,,,,,
adiyotRu,,,,,,,
adiyoadu,,,,,,,
adivarudi,,,,,,,
adivaangu,,,,,,,
adivaaram,,,,,,,
adivaanam,,,,,,,
adu,,,,,,,
adukkam,,,,,,,
adukkal,,,,,,,
adukkaLai,,,,,,,
adukku,,,,,,,
adukkuththodar,,,,,,,
adukkumeththai,,,,,,,
adukkuL,,,,,,,
adukalam,,,,,,,
adukalan,,,,,,,
adukaLam,,,,,,,
adugai,,,,,,,
aduththa,,,,,,,
aduththaduththu,,,,,,,
aduththamuRai,,,,,,,
aduththu,,,,,,,
aduththuvaral,,,,,,,
aduppangarai,,,,,,,
aduppu,,,,,,,
adae,,,,,,,
adaeyappaa,,,,,,,
adai,,,,,,,
adaikkalanguruvi,,,,,,,
adaikkalam,,,,,,,
adaikkalaanguruvi,,,,,,,
adaikkaay,,,,,,,
adaigal,,,,,,,
adaigaa,,,,,,,
adaigaay,,,,,,,
adaiththuppei,,,,,,,
adaińdhaar,,,,,,,
adaippakkaaran,,,,,,,
adaippam,,,,,,,
adaippaan,,,,,,,
adaippu,,,,,,,
adaippai,,,,,,,
adaimazhai,,,,,,,
adaimaanam,,,,,,,
adaimozhi,,,,,,,
adaiya,,,,,,,
adaiyal,,,,,,,
adaiyalar,,,,,,,
adaiyaadhaar,,,,,,,
adaiyaaLa attai,,,,,,,
adaiyaaLam,,,,,,,
adaivu,,,,,,,
aN,,,,,,,
aNdakkattu,,,,,,,
aNdakadaagam,,,,,,,
aNdagoasam,,,,,,,
aNdakoaLagai,,,,,,,
aNdakoaLam,,,,,,,
aNdangaakkai,,,,,,,
aNdasam,,,,,,,
aNdarappurattan,,,,,,,
aNdappuLugan,,,,,,,
aNdapahiraNdam,,,,,,,
aNdam,,,,,,,
aNdayoani,,,,,,,
aNdar,,,,,,,
aNdalar,,,,,,,
aNdavaaNar,,,,,,,
aNdajam,,,,,,,
aNdaa,,,,,,,
aNdaar,,,,,,,
aNdimaaNdu,,,,,,,
aNdinavan,,,,,,,
aNdu,,,,,,,
aNdai,,,,,,,
aNdaiyayal,,,,,,,
aNNańdhaaL,,,,,,,
aNNam,,,,,,,
aNNal,,,,,,,
aNNan,,,,,,,
aNNaa,,,,,,,
aNNaakku,,,,,,,
aNNaaththal,,,,,,,
aNNaaththai,,,,,,,
aNNaańdhaaL,,,,,,,
aNNaańdhupaar,,,,,,,
aNNaar,,,,,,,
aNNaavi,,,,,,,
aNNi,,,,,,,
aNNippaan,,,,,,,
aNNu,,,,,,,
aNbal,,,,,,,
aNbu,,,,,,,
aNmu,,,,,,,
aNmai,,,,,,,
aNmaichchuttu,,,,,,,
aNmaiviLi,,,,,,,
aNa,,,,,,,
aNangaadu,,,,,,,
aNangu,,,,,,,
aNal,,,,,,,
aNavu,,,,,,,
aNavudhal,,,,,,,
aNaa,,,,,,,
aNi,,,,,,,
aNikalachcheppu,,,,,,,
aNikalam,,,,,,,
aNikalan,,,,,,,
aNiththu,,,,,,,
aNińdhurai,,,,,,,
aNimaa,,,,,,,
aNimai,,,,,,,
aNiyam,,,,,,,
aNiyal,,,,,,,
aNiyan,,,,,,,
aNiyilakkaNam,,,,,,,
aNiyiyal,,,,,,,
aNil,,,,,,,
aNilvarikkodungaay,,,,,,,
aNivagu,,,,,,,
aNivaguppu,,,,,,,
aNiviral,,,,,,,
aNu,,,,,,,
aNuaayudham,,,,,,,
aNu ulai,,,,,,,
aNukkam,,,,,,,
aNukkan,,,,,,,
aNukki,,,,,,,
aNuguNdu,,,,,,,
aNusakthi,,,,,,,
aNuminvisai,,,,near,"aNimai, sameebam",,
aNumai,,,,,,,
aNuviradham,,,,,,,
aNai,,,,,,,
aNaikkattu,,,,,,,
aNaikayiru,,,,,,,
aNaippu,,,,,,,
aNaiyaar,,,,,,,
aththakadagam,,,,,,,
aththagiri,,,,,,,
aththakoaLam,,,,,,,
aththasaamam,,,,,,,
aththaththaa,,,,,,,
aththańaareesuwaran,,,,,,,
aththam,,,,,,,
aththamam,,,,,,,
aththamanam,,,,,,,
aththami,,,,,,,
aththar,,,,,,,
aththan,,,,,,,
aththanai,,,,,,,
aththaatchi,,,,,,,
aththaaNi,,,,,,,
aththaazham,,,,,,,
aththaaLam,,,,,,,
aththaan,,,,,,,
aththi,,,,,,,
aththikoodam,,,,,,,
aththimbaer,,,,,,,
aththimugaththoan,,,,,,,
aththiyańdham,,,,,,,
aththiyayanam,,,,,,,
aththiyaasam,,,,,,,
aththiyaapanam,,,,,,,
aththiyaayam,,,,,,,
aththiyaavasiyam,,,,,,,
aththirasaaththiram,,,,,,,
aththiram,,,,,,,
aththiraviyoogam,,,,,,,
aththiri,,,,,,,
aththivaaram,,,,,,,
aththini,,,,,,,
aththu,,,,,,,
aththuNai,,,,,,,
aththuppadi,,,,,,,
aththumeeru,,,,,,,
aththuvayam,,,,,,,
aththuvaanam,,,,,,,
aththuvidham,,,,,,,
aththuvidheeyam,,,,,,,
aththuvaidham,,,,,,,
aththuvaidhi,,,,,,,
aththai,,,,,,,
aththaippaatti,,,,,,,
adhyayanam,,,,,,,
adhyaayam,,,,,,,
adhyaavasiyam,,,,,,,
adhvayam,,,,,,,
adhvaanam,,,,,,,
adhvitheeyam,,,,,,,
adhvaitham,,,,,,,
adhvaithi,,,,,,,
adhagam,,,,,,,
adhagan,,,,,,,
adhasam,,,,,,,
adhasi,,,,,,,
adhattam,,,,,,,
adhattu,,,,,,,
adham,,,,,,,
adhamabatcham,,,,,,,
adhamam,,,,,,,
adhaman,,,,,,,
adhamaadhamam,,,,,,,
adhar,,,,,,,
adharkoaL,,,,,,,
adharppadu,,,,,,,
adharppaduththal,,,,,,,
adharmam,,,,,,,
adharvaNam,,,,,,,
adharvam,,,,,,,
adharam,,,,,,,
adharikoL,,,,,,,
adharidaichchelavu,,,,,,,
adharidhiri,,,,,,,
adharumam,,,,,,,
adhalkudhalam,,,,,,,
adhalbaadhalam,,,,,,,
adhalam,,,,,,,
adhavam,,,,,,,
adhavu,,,,,,,
adhaL,,,,,,,
adhaa andRu,,,,,,,
adhaadhaa,,,,,,,
adhaavadhu,,,,,,,
adhaandRu,,,,,,,
adhi,,,,,,,
adhikkiramam,,,,,,,
adhikkirami,,,,,,,
adhigappadi,,,,,,,
adhigappadu,,,,,,,
adhigappatRu,,,,,,,
adhigappirasangam,adhigapprasangam,,,,,,
adhigabatcham,,,,,,,
adhigam,,,,,,,
adhigar,,,,,,,
adhigari,,,,,,,
adhigan,,,,,,,
adhigaaram,,,,,,,
adhigaari,,,,,,,
adhikaalam,,,,,,,
adhikaalai,,,,,,,
adhiguNan,,,,,,,
adhingam,,,,,,,
adhisayam,,,,,,,
adhisayi,,,,,,,
adhisayoakthi,,,,,,,
adhisaaram,,,,,,,
adhiseedham,,,,,,,
adhittam,adhirshttam,,,,,,
adhittaanam,,,,,,,
adhidhaaram,,,,,,,
athithi,,,,,,,
athithińaaL,,,,,,,
aththipoojai,,,,,,,
athidhaevadhai,,,,,,,
adhipadhi,,,,,,,
adhipalai,,,,,,,
adhiban,,,,,,,
adhimadhuram,,,,,,,
adhiyamaan,,,,,,,
adhiyar,,,,,,,
adhiyan,,,,,,,
adhir,,,,,,,
adhirchchi,,,,,,,
adhirvu,,,,,,,
adhirvedi,,,,,,,
adhivaettu,,,,,,,
adhirasam,,,,,,,
adhiradi,,,,,,,
adhiradippadai,,,,,,,
adhiradhan,,,,,,,
adhiral,,,,,,,
adhiruttam,,,,,,,
athirupthi,,,,,,,
athirupthiyaaLar,,,,,,,
adhirushttam,adhirshttam,,,,,,
adhiraegam,,,,,,,
adhivirutti,,,,,,,
adhivirushti,,,,,,,
adheetham,,,,,,,
adheethar,,,,,,,
adheenam,,,,,,,
adhu,,,,,,,
adhukku,,,,,,,
adhukaaRum,,,,,,,
adhumbu,,,,,,,
athulam,,,,,,,
adheńdhu,,,,,,,
adhaippu,,,,,,,
adhairiyam,,,,,,,
adhoa,,,,,,,
adhoagadhi,,,,,,,
adhoamugam,,,,,,,
athoaraNan,,,,,,,
athoaL,,,,,,,
athoaLi,,,,,,,
ańdha,,,,,,,
ańdhakkaraNam,,,,,,,
ańdhagan,,,,,,,
ańdhakaaram,,,,,,,
ańdhakaari,,,,,,,
ańdhaNdai,,,,,,,
ańdhaNan,,,,,,,
ańdhaNaaLan,,,,,,,
ańdhańdha,,,,,,,
ańdhappuram,,,,,,,
ańtham,,,,,,,
ańtharkadham,,,,,,,
ańthardhaanam,,,,,,,
ańtharmugam,,,,,,,
ańtharyaami,,,,,,,
ańtharvaahini,,,,,,,
ańtharakkottu,,,,,,,
ańtharangam,,,,,,,
ańtharasaari,,,,,,,
ańdharadi,,,,,,,
ańdharathuńdhubi,,,,,,,
ańtharańadhi ,,,,,,,
ańtharam,,,,,,,
ańtharar,,,,,,,
ańtharaathmaa,,,,,,,
ańthari,,,,,,,
ańthariyaami,,,,,,,
ańthaLam,,,,,,,
ańthan,,,,,,,
ańdhaadhi,,,,,,,
ańdhi,,,,,,,
ańdhikkadai,,,,,,,
ańdhikkaappu,,,,,,,
ańdhikkaalam,,,,,,,
ańdhisańdhi,,,,,,,
ańdhińatchaththiram,,,,,,,
ańdhippozhdhu,,,,,,,
ańdhippagal,,,,,,,
ańthimakaalam,,,,,,,
ańthimadhasai,,,,,,,
ańdhimańdhaaram,,,,,,,
ańdhimańdhaarai,,,,,,,
ańthimam,,,,,,,
ańdhimaalai,,,,,,,
ańdhiyakkiriyai,,,,,,,
ańthiyakaalam,,,,,,,
ańdhil,,,,,,,
ańdhivaNNan,,,,,,,
ańdhu,,,,,,,
ańdhugam,,,,,,,
ańdhoa,,,,,,,
ańńiyaputtam,,,,,,,
ańńiyam,,,,,,,
ańńiyamaakku,,,,,,,
ańńiyar,,,,,,,
ańagan,,,,,,,
ańangam,,,,,,,
ańangan,,,,,,,
ańaththam,,,,,,,
ańaththiyayanam,,,,,,,
ańańthasayanan,,,,,,,
ańańtham,,,,,,,
ańabaayan,,,,,,,
ańalam,,,,,,,
ańavaradham,,,,,,,
ańavaradhamum,,,,,,,
ańaagarigam,,,,,,,
ańaachaaram,,,,,,,
ańaadharatchagan,,,,,,,
ańaadhi,,,,,,,
ańaadhai,,,,,,,
ańaamadhaeyan,,,,,,,
ańaamikai,,,,,,,
ańaayagam,,,,,,,
ańaayaasam,,,,,,,
ańaavasiyam,,,,,,,
ańaavirutti,,,,,,,
ańaavirushti,,,,,,,
ańigam,,,,,,,
ańichchai,,,,,,,
ańiththam,,,,,,,
ańiththiyam,,,,,,,
ańiyaayam,,,,,,,
ańilam,,,,,,,
ańeedhi,,,,,,,
ańuggiragam,,,,,,,
ańukaraNavoasai,,,,,,,
ańukoolam,,,,,,,
ańusańdhaanam,,,,,,,
ańusaraNai,,,,,,,
ańusari,,,,,,,
ańusan,,,,,,,
ańuchidham,,,,,,,
ańuttaanam,,,,,,,
ańudhaabam,,,,,,,
ańudhinam,,,,,,,
ańudhinamum,,,,,,,
ańubańdham,,,,,,,
ańupallavi,,,,,,,
ańubavam,,,,,,,
ańubavi,,,,,,,
ańubaanam,,,,,,,
ańuboodhi,,,,,,,
ańumadhi,,,,,,,
ańuman,,,,,,,
ańumaan,,,,,,,
ańumaanam,,,,,,,
ańumaani,,,,,,,
ańuraagam,,,,,,,
ańuloaman,,,,,,,
ańujan,,,,,,,
ańushtaanam,,,,,,,
ańaegam,,,,,,,
ańaegamaaga,,,,,,,
apsarasu,,,,,,,
apdhapoorththi,,,,,,,
apdham,,,,,,,
appachchi,,,,,,,
appattam,,,,,,,
appadi,,,,,,,
appaNai,,,,,,,
appappa,,,,,,,
appappaa,,,,,,,
appam,,,,,,,
appar,,,,,,,
appazhakku,,,,,,,
appaLam,,,,,,,
appaLaam,,,,,,,
appan,,,,,,,
appaa,,,,,,,
appaadaa,,,,,,,
appaadi,,,,,,,
appaal,,,,,,,
appaavi,,,,,,,
appaaRpadu,,,,,,,
abyangam,,,,,,,
abyanganam,,,,,,,
abbiyasi,,,,,,,
abbiyaasam,,,,,,,
appiragam,,,,,,,
appirasiththam,,,,,,,
appiradhatchiNam,,,,,,,
appiraaNi,,,,,,,
appu,,,,,,,
appulingam,,,,,,,
appuRappaduththu,,,,,,,
appuRam,,,,,,,
appoochchikaattu,,,,,,,
appozhudhu,,,,,,,
appoadhu,,,,,,,
appoadhaikkappoadhu,,,,,,,
appoadhaikku,,,,,,,
appoazhdhu,,,,,,,
abakyaadhi,,,,,,,
apakkuvam,,,,,,,
apakkuvan,,,,,,,
abakari,,,,,,,
abakaaram,,,,,,,
abakeerththi,,,,,,,
abasagunam,,,,,,,
abachaaram,,,,,,,
abaththam,,,,,,,
abaththiyam,,,,,,,
abamiruththiyu,,,,,,,
abamiruththu,,,,,,,
abayagaram,,,,,,,
abayadhaanam,,,,,,,
abayappiradhaanam,,,,,,,
abayam,,,,,,,
abayamidu,,,,,,,
abayavaakku,,,,,,,
abayan,,,,,,,
abarakkiriyai,,,,,,,
aparanji,,,,,,,
aparangyaanam,,,,,,,
aparam,,,,,,,
aparaachidhan,,,,,,,
aparaadham,,,,,,,
aparaadhi,,,,,,,
aparaajithan,,,,,,,
aparimidham,,,,,,,
abalai,,,,,,,
abavaadham,,,,,,,
abaakkiyam,,,,,,,
abaaNdam,,,,,,,
abaayachchangili,,,,,,,
abaayachchangu,,,,,,,
abaayam,,,,,,,
abaaram,,,,,,,
apaavam,,,,,,,
abaanam,,,,,,,
abaanan,,,,,,,
abichaaram,,,,,,,
abitegam,,,,,,,
abidhaanam,,,,,,,
abinayam,,,,,,,
abinayi,,,,,,,
abinavam,,,,,,,
abippiraayabaedham,,,,,,,
abippiraayam,,,,,,,
abimaanam,,,,,,,
abimaani,,,,,,,
abiraamam,,,,,,,
abiraaman,,,,,,,
abiraami,,,,,,,
abilaasai,,,,,,,
abilaakshai,,,,,,,
abiviruththi,,,,,,,
abin,,,,,,,
abini,,,,,,,
abishaegam,,,,,,,
abeettam,,,,,,,
abeeshtam,,,,,,,
aboodham,,,,,,,
aboodhavuvamai,,,,,,,
aboobam,,,,,,,
apoorNam,,,,,,,
aboorvam,,,,,,,
apooraNam,,,,,,,
apooruvam,,,,,,,
apaetchagar,,,,,,,
apaetchi,,,,,,,
apaetchai,,,,,,,
abaedham,,,,,,,
abaedhavaadham,,,,,,,
abaedhavaadhi,,,,,,,
apaekshagar,,,,,,,
apaekshi,,,,,,,
apaekshai,,,,,,,
aboachchiyam,,,,,,,
aboadham,,,,,,,
aboajyam,,,,,,,
am,,,,,,,
amsam,,,,,,,
ambagam,,,,,,,
ambaNaththi,,,,,,,
ambaNam,,,,,,,
ambadhai,,,,,,,
ambar,,,,,,,
ambaram,,,,,,,
ambal,,,,,,,
ambalakkaaran,,,,,,,
ambalakkooththan,,,,,,,
ambalachchaavadi,,,,,,,
ambalam,,,,,,,
ambalamaeRu,,,,,,,
ambalavaaNan,,,,,,,
ambaRaaththooNi,,,,,,,
ambaa,,,,,,,
ambaaram,,,,,,,
ambaari,,,,,,,
ambaaL,,,,,,,
ambi,,,,,,,
ambikaapadhi,,,,,,,
ambigai,,,,,,,
ambigaibaagan,,,,,,,
ambu,,,,,,,
ambukkudhai,,,,,,,
ambukkuppi,,,,,,,
ambusam,,,,,,,
ambusaadham,,,,,,,
ambusaadhan,,,,,,,
ambudham,,,,,,,
ambudhi,,,,,,,
ambuyam,,,,,,,
ambuyan,,,,,,,
ambuyai,,,,,,,
amburaasi,,,,,,,
amburugam,,,,,,,
ambuli,,,,,,,
ambulipparuvam,,,,,,,
ambulimaan,,,,,,,
ambuliyammaan,,,,,,,
ambujam,,,,,,,
ambai,,,,,,,
amboa,,,,,,,
amboadharangam,,,,,,,
amboadharam,,,,,,,
amboadhi,,,,,,,
amboarugam,,,,,,,
amboarugan,,,,,,,
amboarugai,,,,,,,
amma,,,,,,,
ammakoa,,,,,,,
ammattil,,,,,,,
ammattu,,,,,,,
ammattukku,,,,,,,
ammaNakkattai,,,,,,,
ammaNaththaar,,,,,,,
ammaNam,,,,,,,
ammaNi,,,,,,,
ammam,,,,,,,
ammamma,,,,,,,
amman,,,,,,,
ammankattu,,,,,,,
ammanai,,,,,,,
ammaa,,,,,,,
ammaa,,,,,,,
ammaachchi,,,,,,,
ammaanji,,,,,,,
ammaadi,,,,,,,
ammaami,,,,,,,
ammaar,,,,,,,
ammaaL,,,,,,,
ammaRu,,,,,,,
ammaan,,,,,,,
ammaanseer,,,,,,,
ammaansaei,,,,,,,
ammaanai,,,,,,,
ammaanaipparuvam,,,,,,,
ammaanaivari,,,,,,,
ammi,,,,,,,
ammikkal,,,,,,,
ammikkuzhavi,,,,,,,
ammai,,,,,,,
ammaikkattu,,,,,,,
ammaikuththal,,,,,,,
ammaiththazhumbu,,,,,,,
ammaippaal,,,,,,,
ammaipoattu,,,,,,,
ammaiyappar,,,,,,,
ammaiyaar,,,,,,,
ammaivaar,,,,,,,
ammaiviLaiyaattu,,,,,,,
amangalam,,,,,,,
amangali,,,,,,,
amangalai,,,,,,,
amasam,,,,,,,
amadu,,,,,,,
amanji,,,,,,,
amaN,,,,,,,
amaNdam,,,,,,,
amaNdalam,,,,,,,
amaNpaazhi,,,,,,,
amaNam,,,,,,,
amaNar,,,,,,,
amaNanpaazhi,,,,,,,
amayam,,,,,,,
amar,,,,,,,
amarkkaLam,,,,,,,
amarththu,,,,,,,
amarvu,,,,,,,
amara,,,,,,,
amaragoasam,,,,,,,
amarasingar,,,,,,,
amarapakkam,,,,,,,
amarapatcham,,,,,,,
amarapaksham,,,,,,,
amaram,,,,,,,
amarar,,,,,,,
amararkoan,,,,,,,
amaraapadhi,,,,,,,
amaraar,,,,,,,
amaraavadhi,,,,,,,
amari,,,,,,,
amarikkai,,,,,,,
amaridham,,,,,,,
amaraesan,,,,,,,
amal,,,,,,,
amalsei,,,,,,,
amaldhaar,,,,,,,
amalam,,,,,,,
amalan,,,,,,,
amalai,,,,,,,
amaLi,,,,,,,
amaLigumaLi,,,,,,,
amaLidhumaLi,,,,,,,
amaLai,,,,,,,
amaaththiyan,,,,,,,
amaavaasai,,,,,,,
amaanaththu,,,,,,,
amaanam,,,,,,,
amisam,,,,,,,
amisai,,,,,,,
amiththiran,,,,,,,
amiththai,,,,,,,
amidham,,,,,,,
amidhavaadhi,,,,,,,
amir,,,,,,,
amirdhakalai,,,,,,,
amirdhakiraNan,,,,,,,
amirdhasanjeevi,,,,,,,
amirdham,,,,,,,
amirdhan,,,,,,,
amiram,,,,,,,
amirudham,,,,,,,
amirudhai,,,,,,,
amildhaar,,,,,,,
amilam,,,,,,,
amizh,,,,,,,
amizhththu,,,,,,,
amizhdham,,,,,,,
amizhdhu,,,,,,,
aminaa,,,,,,,
ameer,,,,,,,
ameen,,,,,,,
ameenaa,,,,,,,
amukkan,,,,,,,
amukku,,,,,,,
amugam,,,,,,,
amungu,,,,,,,
amusu,,,,,,,
amudhakadigai,,,,,,,
amudhakiraNan,,,,,,,
amudhasurabi,,,,,,,
amudham,,,,,,,
amudhar,,,,,,,
amudhavalli,,,,,,,
amudhan,,,,,,,
amudhu,,,,,,,
amudhusei,,,,,,,
amudhupadi,,,,,,,
amudhupadai,,,,,,,
amudhuRai,,,,,,,
amuri,,,,,,,
amul,,,,,,,
amoorththan,,,,,,,
amoorththi,,,,,,,
amoolam,,,,,,,
amendhukottai,,,,,,,
amerikkaa,,,,,,,
amaeththiyam,,,,,,,
amaedhaneekki,,,,,,,
amai,,,,,,,
amaichchagam,,,,,,,
amaichchar,,,,,,,
amaichcharavai,,,,,,,
amaichchan,,,,,,,
amaichchiyal,,,,,,,
amaichuchu,,,,,,,
amaidhi,,,,,,,
amaippu,,,,,,,
amaiyam,,,,,,,
amaivu,,,,,,,
amoagam,,,,,,,
ayyagoa,,,,,,,
ayyangaar,,,,,,,
ayyappaadu,,,,,,,
ayyam,,,,,,,
ayyar,,,,,,,
ayyavi,,,,,,,
ayyan,,,,,,,
ayyanpaazhi,,,,,,,
ayyanaar,,,,,,,
ayyaa,,,,,,,
ayyoa,,,,,,,
ayakkaandham,,,,,,,
ayakkireevan,,,,,,,
ayachchindhooram,,,,,,,
ayaNam,,,,,,,
ayam,,,,,,,
ayar,,,,,,,
ayarchchi,,,,,,,
ayardhi,,,,,,,
ayarppu,,,,,,,
ayarvu,,,,,,,
ayal,,,,,,,
ayalńaadu,,,,,,,
ayalavar,,,,,,,
ayalaan,,,,,,,
ayaluRavu,,,,,,,
ayan,,,,,,,
ayankaNakku,,,,,,,
ayantheervai,,,,,,,
ayanmai,,,,,,,
ayanam,,,,,,,
ayanamaNdalam,,,,,,,
ayaa,,,,,,,
ayaavuyirththal,,,,,,,
ayindhiram,,,,,,,
ayir,,,,,,,
ayiraaNi,,,,,,,
ayiraavaNam,,,,,,,
ayiraavadham,,,,,,,
ayirai,,,,,,,
ayil,,,,,,,
ayiRal,,,,,,,
ayini,,,,,,,
ayinińeer,,,,,,,
ayuktham,,,,,,,
ayuththam,,,,,,,
ayudham,,,,,,,
ayoakkiyadhai,,,,,,,
ayoakkiyam,,,,,,,
ayoakkiyan,,,,,,,
ar,,,,,,,
arkkam,,,,,,,
arkkiyam,,,,,,,
archchagan,,,,,,,
archchanai,,,,,,,
archchi,,,,,,,
archchai,,,,,,,
arththakoaLam,,,,,,,
arththachandhiram,,,,,,,
arththasaaththiram,,,,,,,
arththasaamam,,,,,,,
arththanaasam,,,,,,,
arththańaareesuvaran,,,,,,,
arththaputti,,,,,,,
arththapushti,,,,,,,
arththabaedham,,,,,,,
arththam,,,,,,,
arththamaNdabam,,,,,,,
arththaraaththiri,,,,,,,
arththavaedham,,,,,,,
arththajaamam,,,,,,,
arththaabaththi,,,,,,,
arththaalangaaram,,,,,,,
arppaNam,,,,,,,
arppaNi,,,,,,,
arppi,,,,,,,
ara,,,,,,,
arakkapparakka,,,,,,,
arakkan,,,,,,,
arakki,,,,,,,
arakkinada,,,,,,,
arakku,,,,,,,
arakkumanjaL,,,,,,,
arangańaadhan,,,,,,,
arangam,,,,,,,
arangu,,,,,,,
arangaetRu,,,,,,,
aragaeRu,,,,,,,
arasamaram,,,,,,,
arasamullai,,,,,,,
arasalpurasal,,,,,,,
arasavaagai,,,,,,,
arasavai,,,,,,,
arasan,,,,,,,
arasaangam,,,,,,,
arasaatchi,,,,,,,
arasaaNi,,,,,,,
arasaaL,,,,,,,
arasaakshi,,,,,,,
arasi,,,,,,,
arasidhazh,,,,,,,
arasiyal,,,,,,,
arasiyalkaidhi,,,,,,,
arasiyalsattam,,,,,,,
arasiyalsaasanam,,,,,,,
arasiyalvaadhi,,,,,,,
arasirukkai,,,,,,,
arasiRai,,,,,,,
arasu,,,,,,,
arasukkattil,,,,,,,
arasusei,,,,,,,
arasudaimai,,,,,,,
arasudaimaiyaakku,,,,,,,
arasuvaa,,,,,,,
arattal,,,,,,,
arattan,,,,,,,
arattuppurattu,,,,,,,
arattaiyadi,,,,,,,
araN,,,,,,,
araNmanai,,,,,,,
araNyam,,,,,,,
araNam,,,,,,,
araNi,,,,,,,
araNiyam,,,,,,,
araNai,,,,,,,
araNaippuththi,,,,,,,
araththagam,,,,,,,
araththam,,,,,,,
araththan,,,,,,,
araththai,,,,,,,
aradhanam,,,,,,,
arańdhai,,,,,,,
arappu,,,,,,,
arabi,,,,,,,
aram,,,,,,,
arambu,,,,,,,
arambai,,,,,,,
aramagaL,,,,,,,
aramangai,,,,,,,
aramadandhai,,,,,,,
aramaadhar,,,,,,,
aramiyam,,,,,,,
arayan,,,,,,,
aravakkodiyoan,,,,,,,
aravagiri,,,,,,,
aravanjei,,,,,,,
aravaNińdhoan,,,,,,,
aravaNai,,,,,,,
aravaNaiththal,,,,,,,
aravappagai,,,,,,,
aravam,,,,,,,
aravar,,,,,,,
aravaabaraNan,,,,,,,
aravińdham,,,,,,,
aravińdhan,,,,,,,
aravińdhai,,,,,,,
aravu,,,,,,,
aravuyarththoan,,,,,,,
araL,,,,,,,
araLi,,,,,,,
aratRu,,,,,,,
aran,,,,,,,
arandhoazhan,,,,,,,
araa,,,,,,,
araakkoaL,,,,,,,
araagam,,,,,,,
araasagam,,,,,,,
araańdhaaNam,,,,,,,
araapadham,,,,,,,
araamam,,,,,,,
araami,,,,,,,
araaval,,,,,,,
araavaNai,,,,,,,
araajagam,,,,,,,
ari,,,,,,,
arikaNdam,,,,,,,
arikaNdam paadudhal,,,,,,,
arigarapuththiran,,,,,,,
arigaran,,,,,,,
arigaRaiyaan,,,,,,,
arigaal,,,,,,,
arichchuvadi,,,,,,,
arisam,,,,,,,
arisayam,,,,,,,
arisalam,,,,,,,
arisanam,,,,,,,
arisi,,,,,,,
arisirangu,,,,,,,
arisu,,,,,,,
arittam,,,,,,,
ariNam,,,,,,,
ariNai,,,,,,,
arththai,,,,,,,
aridhagi,,,,,,,
aridham,,,,,,,
aridhaaram,,,,,,,
aridhaaL,,,,,,,
aridhu,,,,,,,
arippariththal,,,,,,,
arippiNaa,,,,,,,
arippu,,,,,,,
arippukkoodai,,,,,,,
arimaNal,,,,,,,
arimaNai,,,,,,,
arimaa,,,,,,,
arimaańoakku,,,,,,,
ariya,,,,,,,
ariyaNai,,,,,,,
ariyaasanam,,,,,,,
ariyaeRu,,,,,,,
aril,,,,,,,
arivari,,,,,,,
arivaaL,,,,,,,
arivaaLmaNai,,,,,,,
arivai,,,,,,,
arishtam,,,,,,,
aru,,,,,,,
arukkam,,,,,,,
arukkan,,,,,,,
arukkiyam,,,,,,,
arugaNmai,,,,,,,
arugadhai,,,,,,,
arugańdhar,,,,,,,
arugam,,,,,,,
arugar,,,,,,,
arugal,,,,,,,
arugan,,,,,,,
arugaamai,,,,,,,
arugil,,,,,,,
arugu,,,,,,,
arungalam,,,,,,,
arungalaivinoadhan,,,,,,,
arungaedan,,,,,,,
arungoadai,,,,,,,
aruchchagan,,,,,,,
aruchchanai,,,,,,,
aruchchi,,,,,,,
aruchchunam,,,,,,,
arunjiRai,,,,,,,
arunjuram,,,,,,,
arutkuRi,,,,,,,
arutsiththi,,,,,,,
arutsoadhi,,,,,,,
aruttu,,,,,,,
arutpaa,,,,,,,
aruNagiri,,,,,,,
aruNam,,,,,,,
aruNan,,,,,,,
aruNaachalam,,,,,,,
aruNoadhayam,,,,,,,
aruththańool,,,,,,,
aruththam,,,,,,,
aruththaabaththi,,,,,,,
aruththi,,,,,,,
aruththu,,,,,,,
aruńdhadhi,,,,,,,
aruńdhal,,,,,,,
aruńdhu,,,,,,,
aruńilam,,,,,,,
aruńizhal,,,,,,,
aruńelli,,,,,,,
aruńeRi,,,,,,,
aruppam,,,,,,,
arum,,,,,,,
arumbadhavurai,,,,,,,
arumbar,,,,,,,
arumbaavi,,,,,,,
arumpinju,,,,,,,
arumbiNi,,,,,,,
arumbu,,,,,,,
arumbeRal,,,,,,,
arumańdha,,,,,,,
arumańdhanna,,,,,,,
arumaruńdhu,,,,,,,
arumai,,,,,,,
aruvam,,,,,,,
aruvar,,,,,,,
aruvaru,,,,,,,
aruvan,,,,,,,
aruvaańaadu,,,,,,,
aruvi,,,,,,,
aruvuru,,,,,,,
aruvuruvam,,,,,,,
aruL,,,,,,,
aruLvaakku,,,,,,,
aruLaaLan,,,,,,,
aruLichchei,,,,,,,
aruLichcheyal,,,,,,,
aroobam,,,,,,,
aroobi,,,,,,,
arai,,,,,,,
araikkachchu,,,,,,,
araikkaal,,,,,,,
araikkeerai,,,,,,,
araigal,,,,,,,
araiguRai,,,,,,,
araichchattai,,,,,,,
araisan,,,,,,,
araisu,,,,,,,
araingyaan,,,,,,,
araińaa,,,,,,,
araińaaN,,,,,,,
araińaaL,,,,,,,
araippattigai,,,,,,,
araippu,,,,,,,
araippuLLi,,,,,,,
araiyar,,,,,,,
araiyalan,,,,,,,
araiyan,,,,,,,
araiyaappu,,,,,,,
araiyiRudhi,,,,,,,
araivaekkaadu,,,,,,,
al,,,,,,,
algal,,,,,,,
algaa,,,,,,,
algu,,,,,,,
algul,,,,,,,
alpam,,,,,,,
alla,,,,,,,
allangaadi,,,,,,,
alladhu,,,,,,,
alladhooum,,,,,,,
alladhai,,,,,,,
allam,,,,,,,
allal,,,,,,,
allavaa,,,,,,,
allavai,,,,,,,
allana,,,,,,,
allaa,,,,,,,
allaattam,,,,,,,
alladu,,,,,,,
allaadudhal,,,,,,,
allaaththal,,,,,,,
allaamal,,,,,,,
allaal,,,,,,,
alli,,,,,,,
alliyam,,,,,,,
alliruL,,,,,,,
allum pagalum,,,,,,,
alloalakalloalam,,,,,,,
alvazhi,,,,,,,
alvazhippuNarchchi,,,,,,,
alvaa,,,,,,,
ala,,,,,,,
alakkaN,,,,,,,
alakkazhi,,,,,,,
alakkaaga,,,,,,,
alakku,,,,,,,
alagidu,,,,,,,
alagu,,,,,,,
alagupanai,,,,,,,
alagai,,,,,,,
alagaiththaer,,,,,,,
alangam,,,,,,,
alangamalanga,,,,,,,
alangari,,,,,,,
alangaaram,,,,,,,
alangu,,,,,,,
alangoalam,,,,,,,
alachchai,,,,,,,
alasal,,,,,,,
alasu,,,,,,,
alatchiyam,,,,,,,
alattu,,,,,,,
alatthagam,,,,,,,
alam,,,,,,,
alambu,,,,,,,
alamaral,,,,,,,
alamaa,,,,,,,
alamaappu,,,,,,,
alamaari,,,,,,,
alar,,,,,,,
Alarkadhir,,,,,,,
alarththal,,,,,,,
alari,,,,,,,
alavan,,,,,,,
alavai,,,,,,,
alatRu,,,,,,,
alaRal,,,,,,,
alaRiyadiththukkoNdu,,,,,,,
alaRippudaiththukkoNdu,,,,,,,
alaRu,,,,,,,
alakshiyam,,,,,,,
alajjai,,,,,,,
alaakkaaga,,,,,,,
alaadhi,,,,,,,
alaayudhan,,,,,,,
alaarippu,,,,,,,
ali, ,,,,,,
alimaram,,,,,,,
aliyezhuththu,,,,,,,
aleegan,,,,,,,
alu,,,,,,,
alungu,,,,,,,
aluminiyam,,,,,,,
aluval,,,,,,,
aluvalagam,,,,,,,
aluvalagar,,,,,,,
alai,,,,,,,
alaikkazhi,,,,,,,
alaichchal,,,,,,,
alaidhaadi,,,,,,,
alaipaay,,,,,,,
alaimagaL,,,,,,,
alaimoadhu,,,,,,,
alaiyal,,,,,,,
alaivarisai,,,,,,,
alaivaay,,,,,,,
alaivu,,,,,,,
aloagam,,,,,,,
av,,,,,,,
avyaktham,,,,,,,
avva,,,,,,,
avvadhu,,,,,,,
avvappoadhu,,,,,,,
avvayin,,,,,,,
avvavar,,,,,,,
avvazhi,,,,,,,
avvaLavaaga,,,,,,,
avvaLavu,,,,,,,
avvaLavudhaan,,,,,,,
avvaaRu,,,,,,,
avviththal,,,,,,,
avviyam,,,,,,,
avvai,,,,,,,
avakkaedu,,,,,,,
avagadhi,,,,,,,
avagaasam,,,,,,,
avagaesi,,,,,,,
avakaedu,,,,,,,
avachchuzhi,,,,,,,
avachchol,,,,,,,
avasagunam,,,,,,,
avasam,,,,,,,
avasarakkudukkai,,,,,,,
avasarakkoalam,,,,,,,
avasarachchattam,,,,,,,
avasarasigichchai,,,,,,,
avasarappadu,,,,,,,
avasaram,,,,,,,
avasiyam,,,,,,,
avaN,,,,,,,
avaththuRai,,,,,,,
avaththai,,,,,,,
avadharaNam,,,,,,,
avadhari,,,,,,,
avadhaaram,,,,,,,
avadhaarigai,,,,,,,
avadhaanam,,,,,,,
avadhaani,,,,,,,
avadhi,,,,,,,
avadhippadu,,,,,,,
avadhoodhan,,,,,,,
avadhooRu,,,,,,,
avańdharai,,,,,,,
avańdhan,,,,,,,
avańdhi,,,,,,,
avańdhigai,,,,,,,
avańambikkai,,,,,,,
avańudhi,,,,,,,
avappaer,,,,,,,
avappozhudhu,,,,,,,
avam,,,,,,,
avamadhi,,,,,,,
avamariyaadhai,,,,,,,
avamaanam,,,,,,,
avayakkoazhi,,,,,,,
avayangaaththal,,,,,,,
avayam,,,,,,,
avayavam,,,,,,,
avayavi,,,,,,,
avar,,,,,,,
avargaL,,,,,,,
avarvayinvidhumbal,,,,,,,
avarai,,,,,,,
avaroagaNam,,,,,,,
aval,,,,,,,
avalachchuvai,,,,,,,
avalachchuzhi,,,,,,,
avalatchaNam,,,,,,,
avalam,,,,,,,
avalambi,,,,,,,
avalakshaNam,,,,,,,
avali,,,,,,,
avaL,,,,,,,
avan,,,,,,,
avani,,,,,,,
avaniban,,,,,,,
avaśthai,,,,,,,
avaa,,,,,,,
avaańdharam,,,,,,,
avaayńilai,,,,,,,
avaavaRuththal,,,,,,,
avaavaamai,,,,,,,
avaavinmai,,,,,,,
avaavu,,,,,,,
avi,,,,,,,
avigaaram,,,,,,,
avichchai,,,,,,,
avisal,,,,,,,
avisu,,,,,,,
avittam,,,,,,,
avińayasaalai,,,,,,,
avińayam,,,,,,,
avińayar,,,,,,,
avińaasam,,,,,,,
avippali,,,,,,,
avibaktha,,,,,,,
avyal,,,,,,,
avir,,,,,,,
avirppaagam,,,,,,,
avirmadhi,,,,,,,
aviroLi,,,,,,,
avildhaar,,,,,,,
avivaegam,,,,,,,
avivaegi,,,,,,,
avizh,,,,,,,
avinayam,,,,,,,
avinaasi,,,,,,,
avuNan,,,,,,,
avudhaa,,,,,,,
avuri,,,,,,,
avuldhaar,,,,,,,
avai,,,,,,,
avaikkaLam,,,,,,,
avaiththalaivar,,,,,,,
avaimunnavar,,,,,,,
avaiyadakkam,,,,,,,
avaiyadakku,,,,,,,
avaiyaththaar,,,,,,,
avaiyam,,,,,,,
avaiyal,,,,,,,
avaiyalkiLavi,,,,,,,
avaiyaRidhal,,,,,,,
azhagar,,,,,,,
azhagan,,,,,,,
azhagi,,,,,,,
azhagidhu,,,,,,,
azhagu,,,,,,,
azhagukaattu,,,,,,,
azhagusaadhanam,,,,,,,
azhal,,,,,,,
azhalai,,,,,,,
azhaRkaNNan,,,,,,,
azhaRkadhir,,,,,,,
azhaRkaay,,,,,,,
azhaRchi,,,,,,,
azhan,,,,,,,
azhi,,,,,,,
azhichchaattam,,,,,,,
azhichchaattiyam,,,,,,,
azhithagavu,,,,,,,
azhidhanmaalai,,,,,,,
azhippaan,,,,,,,
azhipasi,,,,,,,
azhipadar,,,,,,,
azhipadudhal,,,,,,,
azhipaadu,,,,,,,
azhipeyal,,,,,,,
azhimbu,,,,,,,
azhivazhakku,,,,,,,
azhivu,,,,,,,
azhu,,,,,,,
azhukkatRu,,,,,,,
azhukkaRu,,,,,,,
azhukkaRuppaan,,,,,,,
azhukkan,,,,,,,
azhukkaaRu,,,,,,,
azhukku,,,,,,,
azhugal,,,,,,,
azhugu,,,,,,,
azhuguNi,,,,,,,
azhugai,,,,,,,
azhungal,,,,,,,
azhungu,,,,,,,
azhuththakkaaran,,,,,,,
azhuththam,,,,,,,
azhuththamthiruththam,,,,,,,
azhuththi,,,,,,,
azhuththu,,,,,,,
azhudhal,,,,,,,
azhudhuvazhidhal,,,,,,,
azhuńdhu,,,,,,,
azhumoonji,,,,,,,
azhuvam,,,,,,,
azhai,,,,,,,
azhaippavar,,,,,,,
azhaippaaLar,,,,,,,
azhaippidhazh,,,,,,,
azhaippu,,,,,,,
azhaippumaNi,,,,,,,
aL,,,,,,,
aLLal,,,,,,,
aLLizhuththal,,,,,,,
aLLu,,,,,,,
aLLumaańdham,,,,,,,
aLLooRal,,,,,,,
aLLooRudhal,,,,,,,
aLa,,,,,,,
aLakkar,,,,,,,
aLagapańdhi,,,,,,,
aLagabaaram,,,,,,,
aLagam,,,,,,,
aLagaapuri,,,,,,,
aLagu,,,,,,,
aLagaesan,,,,,,,
aLagai,,,,,,,
aLappariya,,,,,,,
aLappaLaththal,,,,,,,
aLappaRidhal,,,,,,,
aLappu,,,,,,,
aLabu,,,,,,,
aLabedai,,,,,,,
aLam,,,,,,,
aLavadi,,,,,,,
aLaval,,,,,,,
aLavaLaay,,,,,,,
aLavaLaaval,,,,,,,
aLavaLaavu,,,,,,,
aLavidu,,,,,,,
aLavil,,,,,,,
aLaviRaththal,,,,,,,
aLavinmai,,,,,,,
aLavu,,,,,,,
aLavukoal,,,,,,,
aLavai,,,,,,,
aLavaińool,,,,,,,
aLavaiyaagupeyar,,,,,,,
aLaRu,,,,,,,
aLaRupadu,,,,,,,
aLaaya,,,,,,,
aLaavu,,,,,,,
aLi,,,,,,,
aLiyan,,,,,,,
aLai,,,,,,,
aLai I,,,,,,,
aRkaa,,,,,,,
aRgu,,,,,,,
aRkuba,,,,,,,
aRchiram,,,,,,,
aRchiRai,,,,,,,
aRpasoRpam,,,,,,,
aRpam,,,,,,,
aRpan,,,,,,,
aRpaayu,,,,,,,
aRpaayusu,,,,,,,
aRpaayuL,,,,,,,
aRpudham,,,,,,,
aRpudhan,,,,,,,
atRam,,,,,,,
atRavar,,,,,,,
atRaar,,,,,,,
atRu,,,,,,,
atRuppoa,,,,,,,
atRael,,,,,,,
atRai,,,,,,,
atRaikkooli,,,,,,,
atRaiththingaL,,,,,,,
atRaińaaL,,,,,,,
atRaipparisam,,,,,,,
aRa,,,,,,,
aRakkattaLai,,,,,,,
aRakkadavuL,,,,,,,
aRakkadai,,,,,,,
aRangadai,,,,,,,
aRangaavalar,,,,,,,
aRangooRavaiyam,,,,,,,
aRachchaalai,,,,,,,
aRaththooRu,,,,,,,
aRaththupaal,,,,,,,
aRaththuRa,,,,,,,
aRaththuRai,,,,,,,
aRańilai,,,,,,,
aRańool,,,,,,,
aRam,,,,,,,
aRal,,,,,,,
aRavan,,,,,,,
aRavaazhi,,,,,,,
aRavi,,,,,,,
aRavidudhal,,,,,,,
aRavurai,,,,,,,
aRavae,,,,,,,
aRavoar,,,,,,,
aRavoan,,,,,,,
aRan,,,,,,,
aRankadai,,,,,,,
aRaa,,,,,,,
aRaadha,,,,,,,
aRi,,,,,,,
aRikkai,,,,,,,
aRigilaadhaar,,,,,,,
aRiguRi,,,,,,,
aRigondRu,,,,,,,
aRingyan,,,,,,,
aRithuyil,,,,,,,
aRiporuL,,,,,,,
aRimadam,,,,,,,
aRimugam,,,,,,,
aRiyaamai,,,,,,,
aRiyaanvinaa,,,,,,,
aRiyuńan,,,,,,,
aRiyoNaa,,,,,,,
aRivaRai,,,,,,,
aRivan,,,,,,,
aRivaaLan,,,,,,,
aRivaaLi,,,,,,,
aRivi,,,,,,,
aRivippu,,,,,,,
aRiviyal,,,,,,,
aRiviyaRkoodam,,,,,,,
aRivili,,,,,,,
aRivinaa,,,,,,,
aRiveenam,,,,,,,
aRiveenan,,,,,,,
aRivu,,,,,,,
aRivukoLuththudhal,,,,,,,
aRivudaimai,,,,,,,
aRivumayangal,,,,,,,
aRivurai,,,,,,,
aRivuRuththu,,,,,,,
aRivuRudhal,,,,,,,
aRivujeevi,,,,,,,
aRu,,,,,,,
aRugampul,,,,,,,
aRugu,,,,,,,
aRugai,,,,,,,
aRukoaNam,,,,,,,
aRusuvai,,,,,,,
aRuththavaL,,,,,,,
aRuththukkattudhal,,,,,,,
aRudhal,,,,,,,
aRudhali,,,,,,,
aRudhi,,,,,,,
aRudhipperumbaanmai,,,,,,,
aRudhiyidu,,,,,,,
aRuthozhiloar,,,,,,,
aRuppu,,,,,,,
aRuppukkooli,,,,,,,
aRupagai,,,,,,,
aRupadham,,,,,,,
aRubadhu,,,,,,,
aRuparuvam,,,,,,,
aRupaan,,,,,,,
aRumbu,,,,,,,
aRumeen,,,,,,,
aRumugan,,,,,,,
aRuvadai,,,,,,,
aRuvar,,,,,,,
aRuvai,,,,,,,
aRuvaichchigichchai,,,,,,,
aRai,,,,,,,
aRaikkeerai,,,,,,,
aRaikoovu,,,,,,,
aRaipoadhal,,,,,,,
an,,,,,,,
anbaLippu,,,,,,,
anban,,,,,,,
anbili,,,,,,,
anbu,,,,,,,
anbukoor,,,,,,,
anmai,,,,,,,
anmaichchol,,,,,,,
anvayi,,,,,,,
andRandRu,,,,,,,
andRaadam,,,,,,,
andRaadu,,,,,,,
andRaadukaasu,,,,,,,
andRi,,,,,,,
andRikkae,,,,,,,
andRiyum,,,,,,,
andRil,,,,,,,
andRu,,,,,,,
andRae,,,,,,,
andRaikku,,,,,,,
andRaiya,,,,,,,
andRoa,,,,,,,
Anna,,,,,,,
annakkaavadi,,,,,,,
annakkodi,,,,,,,
annachchaththiram,,,,,,,
annasaalai,,,,,,,
annanaNam,,,,,,,
annadhaanam,,,,,,,
annappiraasanam,,,,,,,
annam,,,,,,,
annar,,,,,,,
annavan,,,,,,,
annavai,,,,,,,
annaasi,,,,,,,
annabishaegam,,,,,,,
annaay,,,,,,,
annaaL,,,,,,,
annaan,,,,,,,
anniyaputtam,,,,,,,
anniyam,,,,,,,
anniyamaakku,,,,,,,
anniyar,,,,,,,
anniyoanniyam,,,,,,,
annuvayam,,,,,,,
annai,,,,,,,
annoa,,,,,,,
anagan,,,,,,,
anangam,,,,,,,
anangan,,,,,,,
anasanam,,,,,,,
anaththam,,,,,,,
anaththiyayanam,,,,,,,
anańdhasayanan,,,,,,,
anańtham,,,,,,,
anańthar,,,,,,,
anańtharavaarisu,,,,,,,
anańthal,,,,,,,
anańthan,,,,,,,
anabaayan,,,,,,,
anarththam,,,,,,,
anal,,,,,,,
analam,,,,,,,
anali,,,,,,,
anavaradham,,,,,,,
anavaradhamum,,,,,,,
anaachaaram,,,,,,,
anaadharatchagan,,,,,,,
anaadhi,,,,,,,
annaadhai,,,,,,,
anaayaasam,,,,,,,
anaavasiyam,,,,,,,
anaavirutti,,,,,,,
anaavirushti,,,,,,,
anigam,,,,,,,
anichcham,,,,,,,
anichchai,,,,,,,
anichchaichcheyal,,,,,,,
aniyaayam,,,,,,,
anilam,,,,,,,
anukkiragam,,,,,,,
anukaraNavoasai,,,,,,,
anugoolam,,,,,,,
anusańdhaanam,,,,,,,
anusaraNai,,,,,,,
anusari,,,,,,,
anuchan,,,,,,,
anuchidham,,,,,,,
anuttaanam,,,,,,,
anudhaabam,,,,,,,
anudhinam,,,,,,,
anudhinamum,,,,,,,
anuppu,,,,,,,
anubańdham,,,,,,,
anupallavi,,,,,,,
anubavam,,,,,,,
anubavi,,,,,,,
anubaanam,,,,,,,
anupoodhi,,,,,,,
anumadhi,,,,,,,
anuman,,,,,,,
anumaan,,,,,,,
anumaanam,,,,,,,
anumaani,,,,,,,
anuraagam,,,,,,,
anuloaman,,,,,,,
anushtaanam,,,,,,,
anusham,,,,,,,
anaegam,,,,,,,
anaegamaaga,,,,,,,
anaiththu,,,,,,,
anaiththum,,,,,,,
anaiya,,,,,,,
akshakkoadu,,,,,,,
akshadhai,,,,,,,
aksham,,,,,,,
akshamaNi,,,,,,,
akshamaalai,,,,,,,
akshaya,,,,,,,
akshayapaathram,,,,,,,
akshayam,,,,,,,
aksharagaNidham,,,,,,,
aksharam,,,,,,,
aksharaabyaasam,,,,,,,
akshaamsam,,,,,,,
akshi,,,,,,,
akshowhiNi,,,,,,,
ajagajaańdharam,,,,,,,
ajam,,,,,,,
ajan,,,,,,,
ajaakkiradhai,,,,,,,
ajaakradhai,,,,,,,
ajeeraNam,,,,,,,
ashtakoaNam,,,,,,,
ashtasiththi,,,,,,,
ashtadhikkajam,,,,,,,
ashtadhikbaalagar,,,,,,,
ashtanaagabandham,,,,,,,
ashtapaadham,,,,,,,
ashtamachchani,,,,,,,
ashtamam,,,,,,,
ashtamaasiththi,,,,,,,
ashtamaańaagam,,,,,,,
ashtami,,,,,,,
ashtamoorththam,,,,,,,
ashtamoorththi,,,,,,,
ashtalatchumi,,,,,,,
ashtalakshmi,,,,,,,
ashtaavadhaanam,,,,,,,
ashtaavadhaani,,,,,,,
aśka,,,,,,,
aśthrasaaśthiram,,,,,,,
aśthagiri,,,,,,,
aśthami,,,,,,,
aśthi,,,,,,,
aśthiram,,,,,,,
aśthivaaram,,,,,,,
aśmaanagiri,,,,,,,
aśowkyam,,,,,,,
aśowgariyam,,,,,,,
aharnisam,,,,,,,
ahaś,,,,,,,
ahimsai,,,,,,,
ahimśai,,,,,,,
ahoaraathram,,,,,,,
aa,,,,,,,
aa a,,,,,,,
aa aa,,,,,,,
aakkakkiLavi,,,,,,,
aakkadham,,,,,,,
aakkappeyar,,,,,,,
aakkam,,,,,,,
aakkar,,,,,,,
aakkal,,,,,,,
aakkaattu,,,,,,,
aakkińaeyam,,,,,,,
aakkiyaańam,,,,,,,
aakkiyaanam,,,,,,,
aakkiyoan,,,,,,,
aakkirami,,,,,,,
aakkiraaNam,,,,,,,
aakkinaeyam,,,,,,,
aakkinai,,,,,,,
aakku,,,,,,,
aakkuppurai,,,,,,,
aakkai,,,,,,,
aakkaiyili,,,,,,,
aakngyai,,,,,,,
aakroasham,,,,,,,
aaga,,,,,,,
aagakkoodi,,,,,,,
aagattum,,,,,,,
aagadiyam,,,,,,,
aagaNdalan,,,,,,,
aagadhar,,,,,,,
aagańdhugam,,,,,,,
aagam,,,,,,,
aagamam,,,,,,,
aagamanam,,,,,,,
aagamili,,,,,,,
aagarshi,,,,,,,
aagaram,,,,,,,
aagal,,,,,,,
aagavam,,,,,,,
aagavae,,,,,,,
aagaa,,,,,,,
aagaasakkappal,,,,,,,
aagaasakkoattai,,,,,,,
aagaasagangai,,,,,,,
aagaasakamanam,,,,,,,
aagaasaththaamarai,,,,,,,
aagaasappańdhal,,,,,,,
aagaappuLugu,,,,,,,
aagaasam,,,,,,,
aagaasalingam,,,,,,,
aagaasavaaNi,,,,,,,
aagaaththiyam,,,,,,,
aagaadhavan,,,,,,,
aagaamiyam,,,,,,,
aagaayakkappal,,,,,,,
aagaakkoattai,,,,,,,
aagaayagangai,,,,,,,
aagaayakamanam,,,,,,,
aagaayaththaamarai,,,,,,,
aagaayappańdhal,,,,,,,
aagaayappuLugu,,,,,,,
aagaayam,,,,,,,
aagaayalingam,,,,,,,
aagaayavaaNi,,,,,,,
aagaaram,,,,,,,
aagiya,,,,,,,
aakirudhi,,,,,,,
aagil,,,,,,,
aagilum,,,,,,,
aagivańdha,,,,,,,
aagu,,,,,,,
aagudhi,,,,,,,
aagupeyar,,,,,,,
aagulam,,,,,,,
aaguvadhu,,,,,,,
aaguLi,,,,,,,
aagaiyaal,,,,,,,
aanga,,,,,,,
aangaN,,,,,,,
aanganam,,,,,,,
aangaangu,,,,,,,
aangaaram,,,,,,,
aangaalam,,,,,,,
aangilam,,,,,,,
aangu,,,,,,,
aangnganam,,,,,,,
aachchariyam,,,,,,,
aachchaa,,,,,,,
aachchi,,,,,,,
aachichiyam,,,,,,,
aachichiramam,,,,,,,
aachichirayam,,,,,,,
aachchu,,,,,,,
aasangai,,,,,,,
aasańdhi,,,,,,,
aasam,,,,,,,
aasamanam,,,,,,,
aasayam,,,,,,,
aasari,,,,,,,
aasavam,,,,,,,
aasaRudhi,,,,,,,
aasanam,,,,,,,
aasanavaay,,,,,,,
aasanan,,,,,,,
aasaabangam,,,,,,,
aasaapaasam,,,,,,,
aasaami,,,,,,,
aasaarakkaLLan,,,,,,,
aasaarakkoavai,,,,,,,
aasaaram,,,,,,,
aasaaravaasal,,,,,,,
aasaari,,,,,,,
aasaariyan,,,,,,,
aasaan,,,,,,,
aasi,,,,,,,
aasiyam,,,,,,,
aasiyaa,,,,,,,
aasiramam,,,,,,,
aasirayi,,,,,,,
aasiriyappaa,,,,,,,
aasiriyam,,,,,,,
aasiriyavasanam,,,,,,,
aasiriyar,,,,,,,
aasiriyan,,,,,,,
aasini,,,,,,,
aaseeyam,,,,,,,
aaseervadhi,,,,,,,
aaseevagar,,,,,,,
aasu,,,,,,,
aasugam,,,,,,,
aasukavi,,,,,,,
aasugi,,,,,,,
aasuram,,,,,,,
aasuri,,,,,,,
aasuvaasam,,,,,,,
aasai,,,,,,,
aasaikkizhaththi,,,,,,,
aasaikaattu,,,,,,,
aasainaayagi,,,,,,,
aasaippadu,,,,,,,
aasowcham,,,,,,,
aanjańaeyan,,,,,,,
aangyngyaachakkaram,,,,,,,
aangyngyaapi,,,,,,,
aangyngyai,,,,,,,
aatkaatti,,,,,,,
aatkooli,,,,,,,
aatkolli,,,,,,,
aatkoL,,,,,,,
aatchi,,,,,,,
aatchimozhi,,,,,,,
aatchei,,,,,,,
aatchaebam,,,,,,,
aatchaebi,,,,,,,
aattam,,,,,,,
aattal,,,,,,,
aattu,,,,,,,
aattukkal,,,,,,,
aattukkidai,,,,,,,
aattuththotti,,,,,,,
aattuppatti,,,,,,,
aattuppalagai,,,,,,,
aattural,,,,,,,
attroasanai,,,,,,,
aattai,,,,,,,
aatpadu,,,,,,,
aatpiramaaNam,,,,,,,
aadagam,,,,,,,
aadagan,,,,,,,
aadagi,,,,,,,
aadam,,,,,,,
aadambaram,,,,,,,
aadal,,,,,,,
aadalai,,,,,,,
aadavar,,,,,,,
aadavallaan,,,,,,,
aadavaL,,,,,,,
aadavan,,,,,,,
aadaathoadai,,,,,,,
aadi,,,,,,,
aadippattam,,,,,,,
aadipperukku,,,,,,,
aadippoa,,,,,,,
aadu,,,,,,,
aadukaLam,,,,,,,
aadusadhai,,,,,,,
aaduthinnaappaaLai,,,,,,,
aadutheeNdaappaaLai,,,,,,,
aaduńar,,,,,,,
aadumaadu,,,,,,,
Aadoo u,,,,,,,
aadooumunnilai,,,,,,,
aadoouvaRisol,,,,,,,
aadai,,,,,,,
aaN,,,,,,,
aaNdalai,,,,,,,
aaNdalaikkodi,,,,,,,
aaNdavan,,,,,,,
aaNdaLappaan,,,,,,,
aaNdaaL,,,,,,,
aaNdaan,,,,,,,
aaNdi,,,,,,,
aaNdichchi,,,,,,,
aaNdu,,,,,,,
aaNdai,,,,,,,
aaNdozhil,,,,,,,
aaNpanai,,,,,,,
aaNpaal,,,,,,,
aaNpiLLai,,,,,,,
aaNmagan,,,,,,,
aaNmaram,,,,,,,
aaNmai,,,,,,,
aaNam,,,,,,,
aaNavam,,,,,,,
aaNi,,,,,,,
aaNikkal,,,,,,,
aaNiththangam,,,,,,,
aaNiththaram,,,,,,,
aaNippon,,,,,,,
aaNimuththu,,,,,,,
aaNivaer,,,,,,,
aaNu,,,,,,,
aaNai,,,,,,,
aaNaiyar,,,,,,,
aaNaiyidu,,,,,,,
aaththam,,,,,,,
aaththan,,,,,,,
aaththaadi,,,,,,,
aaththaaL,,,,,,,
aaththi,,,,,,,
aaththigan,,,,,,,
aaththiram,,,,,,,
aathmasuththi,,,,,,,
aathmangyaanam,,,,,,,
aathmathirupthi,,,,,,,
aathmaa,,,,,,,
aathmaarththam,,,,,,,
aadhadhaayi,,,,,,,
aadhapaththiram,,,,,,,
aadhabam,,,,,,,
aadhaban,,,,,,,
aadham,,,,,,,
aadharam,,,,,,,
aadharavu,,,,,,,
aadhari,,,,,,,
aadharisanam,,,,,,,
aadhal,,,,,,,
aadhalaal,,,,,,,
aadhavam,,,,,,,
aadhavan,,,,,,,
aadhan,,,,,,,
aadhanam,,,,,,,
aadhanam,,,,,,,
aadhaam,,,,,,,
aadhaayam,,,,,,,
aadhaaram,,,,,,,
aadhaaLi,,,,,,,
aadhi,,,,,,,
aadhikkiyam,,,,,,,
aadhikavi,,,,,,,
aadhikaavyam,,,,,,,
aadhisaedan,,,,,,,
aadhisaivan,,,,,,,
aadhiththar,,,,,,,
aadhiththavaaram,,,,,,,
aadhiththan,,,,,,,
aadhińool,,,,,,,
aadhibagavan,,,,,,,
aadhipaththiyam,,,,,,,
aadhipadhi,,,,,,,
aadhiban,,,,,,,
aadhimoolam,,,,,,,
aadhiyańtham,,,,,,,
aadhiyaazh,,,,,,,
aadhiyoadańdham,,,,,,,
aadhirai,,,,,,,
aadhivaaram,,,,,,,
aadheeNdukutRi,,,,,,,
adheenkarththaa,,,,,,,
aadheenam,,,,,,,
aadhu,,,,,,,
aadhuram,,,,,,,
aadhularsaalai,,,,,,,
aadhulan,,,,,,,
aadhoNdai,,,,,,,
aathoaraNan,,,,,,,
aańthiram,,,,,,,
aańthirar,,,,,,,
aańdhai,,,,,,,
aańirai,,,,,,,
aańilai,,,,,,,
aańindRu,,,,,,,
aapkaari,,,,,,,
aapdhan,,,,,,,
aapdhigam,,,,,,,
aappam,,,,,,,
aappi,,,,,,,
aappee,,,,,,,
aappu,,,,,,,
aappai,,,,,,,
aaprikkaa,,,,,,,
aabaththu,,,,,,,
aabaththusambaththu,,,,,,,
aapadham,,,,,,,
aapayan,,,,,,,
aaparaNam,,,,,,,
aabaasam,,,,,,,
aabisaaram,,,,,,,
aapirikkaa,,,,,,,
aabeesu,,,,,,,
aabeeś,,,,,,,
aam,,,,,,,
aambal,,,,,,,
aambi,,,,,,,
aamasiraaththam,,,,,,,
aamasiraarththam,,,,,,,
aamaNakku,,,,,,,
aamańthirigai,,,,,,,
aamayam,,,,,,,
aamalagam,,,,,,,
aamalagi,,,,,,,
aamaLavum,,,,,,,
aamaa,,,,,,,
aamaaththiyan,,,,,,,
aamaam,,,,,,,
aamaaRu,,,,,,,
aamaan,,,,,,,
aamisam,,,,,,,
aamidam,,,,,,,
aamiram,,,,,,,
aamilam,,,,,,,
aamiksham,,,,,,,
aamen,,,,,,,
aamai,,,,,,,
aamaippalagai,,,,,,,
aamaiyoadu,,,,,,,
aamoadhi,,,,,,,
aay,,,,,,,
aaykkudi,,,,,,,
aaykkuzhal,,,,,,,
aaychchi,,,,,,,
aaydhakkuRukkam,,,,,,,
aaydhappuLLi,,,,,,,
aaydham,,,,,,,
aayppaadi,,,,,,,
aaymagaL,,,,,,,
aaymagan,,,,,,,
aaymadhi,,,,,,,
aaymayil,,,,,,,
aaymalar,,,,,,,
aayvaaLar,,,,,,,
aayvukkoodam,,,,,,,
aayvu,,,,,,,
aayvurai,,,,,,,
aayvaedu,,,,,,,
aayakkattu,,,,,,,
aayakkaaran,,,,,,,
aayakkaal,,,,,,,
aayakalam,,,,,,,
aayaththam,,,,,,,
aaththaar,,,,,,,
aayam,,,,,,,
aayar,,,,,,,
aayarkulam,,,,,,,
aayarpaadi,,,,,,,
aayavan,,,,,,,
aayan,,,,,,,
aayaa,,,,,,,
aayaasam,,,,,,,
aayaaL,,,,,,,
aayi,,,,,,,
aayidai,,,,,,,
aayiram,,,,,,,
aayiliyam,,,,,,,
aayizhai,,,,,,,
aayin,,,,,,,
aayinum,,,,,,,
aayu,,,,,,,
aayusu,,,,,,,
aayudhasaalai,,,,,,,
aayudhapaaNi,,,,,,,
aayudham,,,,,,,
aayurvaedham,,,,,,,
aayuL,,,,,,,
aar,,,,,,,
aarkali,,,,,,,
aarchchidham,,,,,,,
aarppari,,,,,,,
aarppaattam,,,,,,,
aarppu,,,,,,,
aarmoaniyam,,,,,,,
aarvam,,,,,,,
aarvalan,,,,,,,
aarvaliththal,,,,,,,
aarjidham,,,,,,,
aara,,,,,,,
aarakkaal,,,,,,,
aaranju,,,,,,,
aarangyar,,,,,,,
aaraNyagam,,,,,,,
aaraNam,,,,,,,
aaraNiyam,,,,,,,
aaraththi,,,,,,,
aaradhi,,,,,,,
aarabi,,,,,,,
aaram,,,,,,,
aarambam,,,,,,,
aarambi,,,,,,,
aararuL,,,,,,,
aaral,,,,,,,
aaravaaram,,,,,,,
aaravaari,,,,,,,
aaraa,,,,,,,
aaraadhanam,,,,,,,
aaraadhanai,,,,,,,
aaraadhi,,,,,,,
aaraamam,,,,,,,
aaraamai,,,,,,,
aaraay,,,,,,,
aaraaychchimaNi,,,,,,,
aaraavamudham,,,,,,,
aaraavamudhu,,,,,,,
aaridam,,,,,,,
aaridar,,,,,,,
aariyakkooththu,,,,,,,
aariyam,,,,,,,
aariyan,,,,,,,
aariyavarththam,,,,,,,
aarugadham,,,,,,,
aarugadhan,,,,,,,
aaruyir,,,,,,,
aaruyirmaruńdhu,,,,,,,
aaroodam,,,,,,,
aaroodan,,,,,,,
aarai,,,,,,,
aaroakkiyam,,,,,,,
aaroakyam,,,,,,,
aaroagaNam,,,,,,,
aaroabi,,,,,,,
aal,,,,,,,
aalbakoaraa,,,,,,,
aalakaalam,,,,,,,
aalangatti,,,,,,,
aalasiyam,,,,,,,
aalaththi,,,,,,,
aalam,,,,,,,
aalayam,,,,,,,
aalal,,,,,,,
aalavattam,,,,,,,
aalavaay,,,,,,,
aalavaalam,,,,,,,
aalaa,,,,,,,
aalaangatti,,,,,,,
aalaasiyam,,,,,,,
aalaaththi,,,,,,,
aalaappaRaththal,,,,,,,
aalaapanam,,,,,,,
aalaapanai,,,,,,,
aalaapi,,,,,,,
aalaalm,,,,,,,
aali,,,,,,,
aalinganam,,,,,,,
aalai,,,,,,,
aaloasanai,,,,,,,
aaloasi,,,,,,,
aaloalam,,,,,,,
aava,,,,,,,
aavaNakkaLam,,,,,,,
aavaNakkaLari,,,,,,,
aavaNam,,,,,,,
aavaNavoalai,,,,,,,
aavaNi,,,,,,,
aavańaazhi,,,,,,,
aavańaazhigai,,,,,,,
aavam,,,,,,,
aavayin,,,,,,,
aavarththam,,,,,,,
aavarththi,,,,,,,
aavaraNam,,,,,,,
aavari,,,,,,,
aaval,,,,,,,
aavalangottu,,,,,,,
aavalar,,,,,,,
aavalaadhi,,,,,,,
aavali,,,,,,,
aavaLi,,,,,,,
aavaa,,,,,,,
aavaarai,,,,,,,
aavi,,,,,,,
aaviyar,,,,,,,
aavirpaviththal,,,,,,,
aavirai,,,,,,,
aavudaiyaar,,,,,,,
aavudaiyaaL,,,,,,,
aavurinji,,,,,,,
aavaesam,,,,,,,
aavaeRu,,,,,,,
aazh,,,,,,,
aazhkuzhaaykkiNaRu,,,,,,,
aazhththu,,,,,,,
aazhthuLaikkiNaRu,,,,,,,
aazhńdha,,,,,,,
aazhńdhu,,,,,,,
aazhvaar,,,,,,,
aazhvu,,,,,,,
aazham,,,,,,,
aazhampaar,,,,,,,
aazhal,,,,,,,
aazhaakku,,,,,,,
aazhi,,,,,,,
aazhiththee,,,,,,,
aazhimaalvarai,,,,,,,
aazhiyaan,,,,,,,
aazhiyizhaiththal,,,,,,,
aazhiviral,,,,,,,
aazhumbaazhumaay,,,,,,,
aaL,,,,,,,
aaLkaattiviral,,,,,,,
aaLpadai,,,,,,,
aaLmaaRaattam,,,,,,,
aaLvari,,,,,,,
aaLvaari,,,,,,,
aaLvidu,,,,,,,
aaLvinai,,,,,,,
aaLaththi,,,,,,,
aaLari,,,,,,,
aaLan,,,,,,,
aaLaakku,,,,,,,
aaLi,,,,,,,
aaLugai,,,,,,,
aaLuńar,,,,,,,
aaLoadi,,,,,,,
aatRa,,,,,,,
aatRamaattaamai,,,,,,,
aatRal,,,,,,,
aatRaamai,,,,,,,
aatRaar,,,,,,,
aatRidaikkuRai,,,,,,,
aatRu,,,,,,,
aatRuNaa,,,,,,,
aatRuppadai,,,,,,,
aatRuvari,,,,,,,
aatRuvaar,,,,,,,
aatRuviththal,,,,,,,
aatRedhirppadal,,,,,,,
aaRangam,,,,,,,
aaRappoadu,,,,,,,
aaRalai,,,,,,,
aaRavamara,,,,,,,
aaRaa,,,,,,,
aaRaaththuyar,,,,,,,
aaRaappuN,,,,,,,
aaRaayirappadi,,,,,,,
aaRaayiram,,,,,,,
aaRu,,,,,,,
aan,,,,,,,
aankandRu,,,,,,,
aankottil,,,,,,,
aanporuńdham,,,,,,,
aanporuńai,,,,,,,
aanmadharisanam,,,,,,,
aanmaa,,,,,,,
aandRa,,,,,,,
aandRamaińdha,,,,,,,
aadRavar,,,,,,,
aadRaar,,,,,,,
aadRoar,,,,,,,
aana,,,,,,,
aanagam,,,,,,,
aananju,,,,,,,
aanańdhabairavi,,,,,,,
aanańdham,,,,,,,
aanańdhavuvamai,,,,,,,
aanańdhiththal,,,,,,,
aanamattum,,,,,,,
aanavai,,,,,,,