english,tamil,syllables
a,அ,1
a aa,அ ஆ,2
ahkam,அஃகம்,3
ahkal,அஃகல்,3
ahkaamai,அஃகாமை,3
ahkaan,அஃகான்,3
ahkiya aRivu,அஃகிய அறிவு,6
ahku,அஃகு,2
ahkudhal,அஃகுதல்,4
ahgaenam,அஃகேனம்,4
ahdhaandRu,அஃதான்ன்று,3
ahdhu,அஃது,2
ahdhae,அஃதே,2
ahdhai,அஃதை,2
ahpoadham,அஃபோதம்,4
ahRiNai,அஃறிணை,3
akkakkaay,அக்கக்காய்,4
akkasaalai,அக்கசாலை,4
akkasaalaiyar,அக்கசாலையர்,6
akkada,அக்கட,3
akkadaa,அக்கடா,3
akkadaavendRu,அக்கடாவென்ன்று,5
akkadhai,அக்கதை,3
akkappoar,அக்கப்போர்,4
akkam,அக்கம்,3
akkampakkam,அக்கம்பக்கம்,5
akkamaNi,அக்கமணி,4
akkamaalai,அக்கமாலை,4
akkarachchudhagam,அக்கரச்சுதகம்,7
akkaram,அக்கரம்,4
akkarai,அக்கரை,3
akkaraichcheemai,அக்கரைச்சீமை,5
akkaraippachai,அக்கரைப்பசை,5
akkaraippadu,அக்கரைப்படு,5
akkaRai,அக்கறை,3
akkaRaippadu,அக்கறைப்படு,5
akkaa,அக்கா,2
akkaakkaay,அக்காக்காய்,4
akkaaram,அக்காரம்,4
akkaaravadisal,அக்காரவடிசல்,7
akkaaL,அக்காள்,3
aggirapoojai,அக்கிரபூஜை,5
akkiramam,அக்கிரமம்,5
akkiraasanam,அக்கிராசனம்,6
akkiraasanar,அக்கிராசனர்,6
akkiraajanaadhipadhi,அக்கிராஜனாதிபதி,8
akkilu,அக்கிலு,3
akkiL,அக்கிள்,3
aggini,அக்கினி,3
agginikkiriyai,அக்கினிக்கிரியை,6
agginikkuNdam,அக்கினிக்குண்டம்,6
agginisaatchi,அக்கினிசாட்சி,5
agginithambam,அக்கினிதம்பம்,6
agginithamban,அக்கினிதம்பன்,6
agginithirayam,அக்கினிதிரயம்,7
agginiththraavagam,அக்கினித்த்ராவகம்,7
agginiththisai,அக்கினித்திசை,5
agginiththaevan,அக்கினித்தேவன்,6
aggininatchathiram,அக்கினினட்சதிரம்,8
agginivaaganam,அக்கினிவாகனம்,7
akkuththu,அக்குத்து,3
akkuroaNi,அக்குரோணி,4
akkuL,அக்குள்,3
agńikriyai,அக்நிக்ரியை,4
agńikuNdam,அக்நிகுண்டம்,5
agńisaatchi,அக்நிசாட்சி,4
agńiththambam,அக்நித்தம்பம்,5
agńiththamban,அக்நித்தம்பன்,5
agńiththambanam,அக்நித்தம்பனம்,6
agńiththirayam,அக்நித்திரயம்,6
agńithrayam,அக்நித்ரயம்,5
agńidhisai,அக்நிதிசை,4
agńidhiraavagam,அக்நிதிராவகம்,7
agńidhaevan,அக்நிதேவன்,5
agńińakshathram,அக்நிநக்ஷத்ரம்,6
agńińatchaththiram,அக்நிநட்சத்திரம்,7
agńipravaesam,அக்நிப்ரவேசம்,6
agńivaaganam,அக்நிவாகனம்,6
agńivaahanam,அக்நிவாஹனம்,6
akrapoojai,அக்ரபூஜை,4
akramam,அக்ரமம்,4
agrahaaram,அக்ரஹாரம்,5
agraasanam,அக்ராசனம்,5
agraasanar,அக்ராசனர்,5
agraajanaadhipadhi,அக்ராஜனாதிபதி,7
akruthyam,அக்ருத்யம்,4
agakkaN,அகக்கண்,4
agakkaazh,அகக்காழ்,4
agangari,அகங்கரி,4
agangaaram,அகங்காரம்,5
agangaari,அகங்காரி,4
agangaazh,அகங்காழ்,4
agangai,அகங்கை,3
agachchuttu,அகச்சுட்டு,4
agasiyam,அகசியம்,5
agasu,அகசு,3
agadam,அகடம்,4
agadavigadam,அகடவிகடம்,7
agadithagadanaa,அகடிதகடனா,7
agaditham,அகடிதம்,5
agadiyam,அகடியம்,5
agadu,அகடு,3
agadoori,அகடூரி,4
agaNdakaavaeri,அகண்டகாவேரி,6
agaNdadheepam,அகண்டதீபம்,6
agaNdaparipooraNam,அகண்டபரிபூரணம்,9
agaNdam,அகண்டம்,4
agaNdaakaaram,அகண்டாகாரம்,6
agandi,அகன்டி,3
agaththadimai,அகத்தடிமை,5
agaththadiyaaL,அகத்தடியாள்,6
agaththi,அகத்தி,3
agaththiNai,அகத்திணை,4
agaththiyam,அகத்தியம்,5
agaththiyan,அகத்தியன்,5
agaththuRuppu,அகத்துறுப்பு,5
agaththuRai,அகத்துறை,4
agadhan,அகதன்,4
agadhi,அகதி,3
agańdhai,அகந்தை,3
agańagar,அகநகர்,5
agańagai,அகநகை,4
agańaanooRu,அகநானூறு,5
agappagai,அகப்பகை,4
agappadu,அகப்படு,4
agappaNi,அகப்பணி,4
agappatRu,அகப்பற்று,4
agappaa,அகப்பா,3
agappaattu,அகப்பாட்டு,4
agappu,அகப்பு,3
agappai,அகப்பை,3
agapporul,அகப்பொருல்,5
agam,அகம்,3
agampadiyaar,அகம்படியார்,6
agambaavam,அகம்பாவம்,5
agamudaiyaaL,அகமுடையாள்,6
agamudaiyaan,அகமுடையான்,6
agar,அகர்,3
agarNam,அகர்ணம்,4
agarńisam,அகர்நிசம்,5
agarmaNi,அகர்மணி,4
agarmugam,அகர்முகம்,5
agaram,அகரம்,4
agaraadhi,அகராதி,4
agaru,அகரு,3
agal,அகல்,3
agalakkavi,அகலக்கவி,5
agalakkaal vai,அகலக்கால் வை,5
agalam,அகலம்,4
agalavurai,அகலவுரை,5
agalidam,அகலிடம்,5
agavadi,அகவடி,4
agaval,அகவல்,4
agavaloasai,அகவலோசை,5
agavaRpaa,அகவற்பா,4
agavanmagaL,அகவன்மகள்,6
agavidhazh,அகவிதழ்,5
agaviruL,அகவிருள்,5
agavilai,அகவிலை,4
agavu,அகவு,3
agavai,அகவை,3
agazh,அகழ்,3
agazhi,அகழி,3
agazheli,அகழெலி,4
agaLangam,அகளங்கம்,5
agaLangan,அகளங்கன்,5
agaLam,அகளம்,4
agaRchi,அகற்சி,3
agatRu,அகற்று,3
agandRil,அகன்ன்றில்,4
aganaińdhiNai,அகனைந்திணை,5
agaadham,அகாதம்,4
akaaraNam,அகாரணம்,5
akaaraNan,அகாரணன்,5
akaaram,அகாரம்,4
akaariyam,அகாரியம்,5
akaalaboajanam,அகாலபோஜனம்,7
akaalamaraNam,அகாலமரணம்,7
akaalam,அகாலம்,4
aki,அகி,2
akithalam,அகிதலம்,5
akipadhi,அகிபதி,4
agimsai,அகிம்சை,3
akiruththiyam,அகிருத்தியம்,6
agil,அகில்,3
agilam,அகிலம்,4
agilaaNdam,அகிலாண்டம்,5
agai,அகை,2
agoaram,அகோரம்,4
agoaran,அகோரன்,4
agoaraaththiram,அகோராத்திரம்,6
agowravam,அகொளரவம்,5
angageenam,அங்ககீனம்,5
angageenan,அங்ககீனன்,5
angasan,அங்கசன்,4
angasaettai,அங்கசேட்டை,4
angaN,அங்கண்,3
angaNam,அங்கணம்,4
angaNan,அங்கணன்,4
angaththavar,அங்கத்தவர்,5
angaththinar,அங்கத்தினர்,5
angadhachcheyyuL,அங்கதச்செய்யுள்,6
angadham,அங்கதம்,4
angappiradhatchiNam,அங்கப்பிரதட்சிணம்,8
angapradhakshiNam,அங்கப்ரதக்ஷிணம்,7
angam,அங்கம்,3
angamaalai,அங்கமாலை,4
angalaay,அங்கலாய்,4
angavadi,அங்கவடி,4
angavaththiram,அங்கவத்திரம்,6
angavasthiram,அங்கவச்திரம்,6
angaviyal,அங்கவியல்,5
angaveenam,அங்கவீனம்,5
angaveenan,அங்கவீனன்,5
anganai,அங்கனை,3
angaheenam,அங்கஹீனம்,5
angaheenan,அங்கஹீனன்,5
angaa,அங்கா,2
angaadi,அங்காடி,3
angaadikkooli,அங்காடிக்கூலி,5
angaadippaattam,அங்காடிப்பாட்டம்,6
angaappu,அங்காப்பு,3
angaaragan,அங்காரகன்,5
angi,அங்கி,2
angigaaram,அங்கிகாரம்,5
angiyangadavuL,அங்கியங்கடவுள்,7
angeegaraNam,அங்கீகரணம்,6
angeegari,அங்கீகரி,4
angeegariththal,அங்கீகரித்தல்,6
angeegaaram,அங்கீகாரம்,5
angu,அங்கு,2
angusapaaNi,அங்குசபாணி,5
angus,அங்குச்,3
anguttam,அங்குட்டம்,4
anguththai,அங்குத்தை,3
anguram,அங்குரம்,4
anguraarppaNam,அங்குரார்ப்பணம்,6
anguri,அங்குரி,3
angulam,அங்குலம்,4
anguli,அங்குலி,3
anguligam,அங்குலிகம்,5
anguliyam,அங்குலியம்,5
angushtam,அங்குஷ்டம்,4
angae,அங்கே,2
angai,அங்கை,2
angnganam,அன்க்ங்கனம்,4
achchagam,அச்சகம்,4
achchadi,அச்சடி,3
achchadaiyaaLam,அச்சடையாளம்,6
achcham,அச்சம்,3
achchamaadal,அச்சமாடல்,5
achchan,அச்சன்,3
achchaaNi,அச்சாணி,3
achchaaram,அச்சாரம்,4
achchaaniyam,அச்சானியம்,5
achichiram,அசிசிரம்,5
achchu,அச்சு,2
achuchukkattu,அசுசுக்கட்டு,5
achchukkoodam,அச்சுக்கூடம்,5
achuchudhan,அசுசுதன்,5
achuchulakkai,அசுசுலக்கை,5
achchuvini,அச்சுவினி,4
achchuvinithaevar,அச்சுவினிதேவர்,7
achchuRu,அச்சுறு,3
achchuRuththu,அச்சுறுத்து,4
achchena,அச்சென,3
achchoa,அச்சோ,2
asakku,அசக்கு,3
asagaayasooran,அசகாயசூரன்,7
asangadham,அசங்கதம்,5
asangiyam,அசங்கியம்,5
asangu,அசங்கு,3
asanjalam,அசஞ்சலம்,5
asattan,அசட்டன்,4
asattai,அசட்டை,3
asadan,அசடன்,4
asaduthattu,அசடுதட்டு,5
asaduvazhi,அசடுவழி,5
asaththiyam,அசத்தியம்,5
asaththu,அசத்து,3
asadhi,அசதி,3
asadhiyaadu,அசதியாடு,5
asandharppam,அசந்தர்ப்பம்,5
asappiyam,அசப்பியம்,5
asappu,அசப்பு,3
asam,அசம்,3
asambaavidham,அசம்பாவிதம்,6
asambiraetchiyam,அசம்பிரேட்சியம்,7
asambiraetchiya kaariyaththuvam,அசம்பிரேட்சிய காரியத்துவம்,12
asamanjan,அசமஞ்சன்,5
asamandham,அசமந்தம்,5
asamam,அசமம்,4
asardhal,அசர்தல்,4
asarappodu,அசரப்பொடு,5
asaram,அசரம்,4
asareeri,அசரீரி,4
asal,அசல்,3
asalakkaal,அசலக்கால்,5
asalam,அசலம்,4
asalan,அசலன்,4
asalai,அசலை,3
asaRpiradhi,அசற்பிரதி,5
asan,அசன்,3
asanam,அசனம்,4
asanavaedhi,அசனவேதி,5
asani,அசனி,3
ajaakkiradhai,அஜாக்கிரதை,5
asaaththiyam,அசாத்தியம்,5
asaadhaaraNam,அசாதாரணம்,6
asaavaamai,அசாவாமை,4
asaavidu,அசாவிடு,4
asaavu,அசாவு,3
asaavaeri,அசாவேரி,4
asi,அசி,2
asingam,அசிங்கம்,4
asiththu,அசித்து,3
aseerththi,அசீர்த்தி,3
ajeeraNam,அஜீரணம்,5
asusi,அசுசி,3
asuNam,அசுணம்,4
asuththam,அசுத்தம்,4
asuththi,அசுத்தி,3
asubakkiriyai,அசுபக்கிரியை,6
asubam,அசுபம்,4
asumbu,அசும்பு,3
asumaanagiri,அசுமானகிரி,6
asurakruthyam,அசுரக்ருத்யம்,6
asurakiruththiyam,அசுரகிருத்தியம்,8
asurańaaL,அசுரநாள்,5
asuram,அசுரம்,4
asuramaNam,அசுரமணம்,6
asuramandhiri,அசுரமந்திரி,6
asurar,அசுரர்,4
asuravaiththiyam,அசுரவைத்தியம்,7
asuvagadhi,அசுவகதி,5
asuvagandhi,அசுவகந்தி,5
asuvasaaththiram,அசுவசாத்திரம்,7
asuvasaalai,அசுவசாலை,5
asuvaththam,அசுவத்தம்,5
asuvappareetchai,அசுவப்பரீட்சை,6
asuvam,அசுவம்,4
asuvaarasiyam,அசுவாரசியம்,7
asuvini,அசுவினி,4
asuvinidhaevar,அசுவினிதேவர்,7
asuzham,அசுழம்,4
asooyai,அசூயை,3
asaedhanam,அசேதனம்,5
asai,அசை,2
asaiyi,அசையி,3
asaiyiyadhu,அசையியது,5
asaichcheer,அசைச்சீர்,4
asaichchol,அசைச்சொல்,4
asaińilai,அசைநிலை,4
asaippu,அசைப்பு,3
asaipoadudhal,அசைபோடுதல்,6
asaiyaapporuL,அசையாப்பொருள்,6
asaiyaamaNi,அசையாமணி,5
asaiyidudhal,அசையிடுதல்,6
asaiyum poruL,அசையும் பொருள்,6
asaivam,அசைவம்,4
asaivinmai,அசைவின்மை,4
asaivu,அசைவு,3
asoagam,அசோகம்,4
asoagu,அசோகு,3
asowkkiyam,அசொளக்கியம்,5
asowgariyam,அசொளகரியம்,6
asowcham,அசொளசம்,4
anjam,அஞ்சம்,3
anjal,அஞ்சல்,3
anjal kaasoalai,அஞ்சல் காசோலை,5
anjal kuRiyeetten,அஞ்சல் குறியீட்டென்,7
anjal ńilaiyam,அஞ்சல் நிலையம்,6
anjalagam,அஞ்சலகம்,5
anjalattai,அஞ்சலட்டை,4
anjalam,அஞ்சலம்,4
anjalar,அஞ்சலர்,4
anjali,அஞ்சலி,3
anjaligai,அஞ்சலிகை,4
anjaRkaaran,அஞ்சற்காரன்,5
anjaRappetti,அஞ்சறப்பெட்டி,5
anjanakkoal,அஞ்சனக்கோல்,5
anjanachchalaagai,அஞ்சனச்சலாகை,6
anjanam,அஞ்சனம்,4
anjanavaNNan,அஞ்சனவண்ணன்,6
anjanaviththai,அஞ்சனவித்தை,5
anjanaveRpu,அஞ்சனவெற்பு,5
anjani,அஞ்சனி,3
anjanai,அஞ்சனை,3
anjaamai,அஞ்சாமை,3
anjaananam,அஞ்சானனம்,5
anjaananan,அஞ்சானனன்,5
anju,அஞ்சு,2
anjugam,அஞ்சுகம்,4
anjubayam,அஞ்சுபயம்,5
anjumaan,அஞ்சுமான்,4
anjevi,அஞ்செவி,3
anjezhuththu,அஞ்செழுத்து,4
angyngyaadham,அஞ்ஞாதம்,4
angyngyaadhavaasam,அஞ்ஞாதவாசம்,6
angyngyaandRu,அஞ்ஞான்ன்று,3
angyngyaanam,அஞ்ஞானம்,4
angyngyai,அஞ்ஞை,2
angyar,அஞர்,3
atchakkoadu,அட்சக்கோடு,4
atchadhai,அட்சதை,3
atchapaadhan,அட்சபாதன்,5
atcham,அட்சம்,3
atchamaNi,அட்சமணி,4
atchamaalai,அட்சமாலை,4
atchaya,அட்சய,3
atchayathooNi,அட்சயதூணி,5
atchayapaaththiram,அட்சயபாத்திரம்,7
atchayam,அட்சயம்,4
atcharakaNidham,அட்சரகணிதம்,7
atcharam,அட்சரம்,4
atcharaappiyaasam,அட்சராப்பியாசம்,7
atchaamsam,அட்சாம்சம்,4
atchi,அட்சி,2
atsowhiNi,அட்சொளஹிணி,4
attakkaRuppu,அட்டக்கறுப்பு,5
attagaasam,அட்டகாசம்,5
attakoaNam,அட்டகோணம்,5
attasiththi,அட்டசித்தி,4
attaNaikkaal,அட்டணைக்கால்,5
attadhikkayam,அட்டதிக்கயம்,6
ashtadhikkajam,அஷ்டதிக்கஜம்,6
attadhikkuppaalagar,அட்டதிக்குப்பாலகர்,8
attańaagabandham,அட்டநாகபந்தம்,7
attapaadham,அட்டபாதம்,5
attamachchani,அட்டமச்சனி,5
attamam,அட்டமம்,4
attamaasiththi,அட்டமாசித்தி,5
attamaańaagam,அட்டமாநாகம்,6
attami,அட்டமி,3
attamoorththam,அட்டமூர்த்தம்,5
attamoorththi,அட்டமூர்த்தி,4
attal,அட்டல்,3
attalakkumi,அட்டலக்குமி,5
attalatchumi,அட்டலட்சுமி,5
attavaNai,அட்டவணை,4
attavaNaippaduththu,அட்டவணைப்படுத்து,7
attaavadhaanam,அட்டாவதானம்,6
attaavadhaani,அட்டாவதானி,5
atti,அட்டி,2
attigai,அட்டிகை,3
attil,அட்டில்,3
attiRchaalai,அட்டிற்சாலை,4
attu,அட்டு,2
attoozhiyam,அட்டூழியம்,5
attai,அட்டை,2
ada,அட,2
adakkam,அடக்கம்,4
adakkam paNNu,அடக்கம் பண்ணு,5
adakku,அடக்கு,3
adakkumuRai,அடக்குமுறை,5
adagu,அடகு,3
adanga,அடங்க,3
adangal,அடங்கல்,4
adangalan,அடங்கலன்,5
adangalum,அடங்கலும்,5
adangavum,அடங்கவும்,5
adanganmuRai,அடங்கன்முறை,5
adangaappidaari,அடங்காப்பிடாரி,6
adangaamaari,அடங்காமாரி,5
adangu,அடங்கு,3
adadaa,அடடா,3
adathaalam,அடதாலம்,5
adam,அடம்,3
adamaanam,அடமானம்,5
adayoagam,அடயோகம்,5
adar,அடர்,3
adarththi,அடர்த்தி,3
adarppam,அடர்ப்பம்,4
adarvu,அடர்வு,3
adal,அடல்,3
adali,அடலி,3
adalai,அடலை,3
adavi,அடவி,3
adaa,அடா,2
ataaNaa,அடாணா,3
adaadhadhu,அடாதது,4
adaadhu,அடாது,3
adaappazhi,அடாப்பழி,4
adaavadi,அடாவடி,4
adi,அடி,2
adikkadi,அடிக்கடி,4
adikkal,அடிக்கல்,4
adikkeezhppaduththu,அடிக்கீழ்ப்படுத்து,6
adikkoal,அடிக்கோல்,4
adikoal,அடிகோல்,4
adikoalu,அடிகோலு,4
adichchaal,அடிச்சால்,4
adichchi,அடிச்சி,3
adichchiyar,அடிச்சியர்,5
adichcheeppu,அடிச்சீப்பு,4
adichchuvadu,அடிச்சுவடு,5
adisil,அடிசில்,4
adichiRpuRam,அடிசிற்புறம்,6
adichitRaLi,அடிசிற்றளி,5
adiththal,அடித்தல்,4
adiththalam,அடித்தலம்,5
adiththaLam,அடித்தளம்,5
adiththukkooRu,அடித்துக்கூறு,5
adiththukkoNdu poa,அடித்துக்கொண்டு போ,6
adiththuppidiththu,அடித்துப்பிடித்து,6
adiththozhil,அடித்தொழில்,5
adiththoazhi,அடித்தோழி,4
adidhadi,அடிதடி,4
adithodu,அடிதொடு,4
adińaa,அடிநா,3
adińaaL,அடிநாள்,4
adińilai,அடிநிலை,4
adippadu,அடிப்படு,4
adippaduththu,அடிப்படுத்து,5
adippadai,அடிப்படை,4
adippaNi,அடிப்பணி,4
adipadu,அடிபடு,4
adipaNi,அடிபணி,4
adipiRakkidu,அடிபிறக்கிடு,6
adipeyar,அடிபெயர்,5
adipoadu,அடிபோடு,4
adimattam,அடிமட்டம்,5
adimadi,அடிமடி,4
adimaRimaNdilam,அடிமறிமண்டிலம்,8
adimaRimaatRu,அடிமறிமாற்று,6
adimanam,அடிமனம்,5
adimaattuvilai,அடிமாட்டுவிலை,6
adimaadu,அடிமாடு,4
adimuttaaL,அடிமுட்டாள்,5
adimudi,அடிமுடி,4
adimuraN,அடிமுரண்,5
adimai,அடிமை,3
adimoanai,அடிமோனை,4
adiyadiyaaga,அடியடியாக,6
adiyańdhaadhi,அடியந்தாதி,5
adiyavan,அடியவன்,5
adiyaLapedai,அடியளபெடை,6
adiyanaen,அடியனேன்,5
adiyaan,அடியான்,4
adiyidu,அடியிடு,4
adiyiyaibu,அடியியைபு,5
adiyuram,அடியுரம்,5
adiyuRai,அடியுறை,4
adiyeduththuvai,அடியெடுத்துவை,6
adiyedhugai,அடியெதுகை,5
adiyaen,அடியேன்,4
adiyotRu,அடியொற்று,4
adiyoadu,அடியோடு,4
adivarudi,அடிவருடி,5
adivaangu,அடிவாங்கு,4
adivaaram,அடிவாரம்,5
adivaanam,அடிவானம்,5
adu,அடு,2
adukkam,அடுக்கம்,4
adukkal,அடுக்கல்,4
adukkaLai,அடுக்களை,4
adukku,அடுக்கு,3
adukkuththodar,அடுக்குத்தொடர்,6
adukkumeththai,அடுக்குமெத்தை,5
adukkuL,அடுக்குள்,4
adukalam,அடுகலம்,5
adukalan,அடுகலன்,5
adukaLam,அடுகளம்,5
adugai,அடுகை,3
aduththa,அடுத்த,3
aduththaduththu,அடுத்தடுத்து,5
aduththamuRai,அடுத்தமுறை,5
aduththu,அடுத்து,3
aduththuvaral,அடுத்துவரல்,6
aduppangarai,அடுப்பங்கரை,5
aduppu,அடுப்பு,3
adae,அடே,2
adaeyappaa,அடேயப்பா,4
adai,அடை,2
adaikkalanguruvi,அடைக்கலங்குருவி,7
adaikkalam,அடைக்கலம்,5
adaikkalaanguruvi,அடைக்கலாங்குருவி,7
adaikkaay,அடைக்காய்,4
adaigal,அடைகல்,4
adaigaa,அடைகா,3
adaigaay,அடைகாய்,4
adaiththuppei,அடைத்துப்பெஇ,5
adaińdhaar,அடைந்தார்,4
adaippakkaaran,அடைப்பக்காரன்,6
adaippam,அடைப்பம்,4
adaippaan,அடைப்பான்,4
adaippu,அடைப்பு,3
adaippai,அடைப்பை,3
adaimazhai,அடைமழை,4
adaimaanam,அடைமானம்,5
adaimozhi,அடைமொழி,4
adaiya,அடைய,3
adaiyal,அடையல்,4
adaiyalar,அடையலர்,5
adaiyaadhaar,அடையாதார்,5
adaiyaaLa attai,அடையாள அட்டை,6
adaiyaaLam,அடையாளம்,5
adaivu,அடைவு,3
aN,அண்,2
aNdakkattu,அண்டக்கட்டு,4
aNdakadaagam,அண்டகடாகம்,6
aNdagoasam,அண்டகோசம்,5
aNdakoaLagai,அண்டகோளகை,5
aNdakoaLam,அண்டகோளம்,5
aNdangaakkai,அண்டங்காக்கை,4
aNdasam,அண்டசம்,4
aNdarappurattan,அண்டரப்புரட்டன்,7
aNdappuLugan,அண்டப்புளுகன்,6
aNdapahiraNdam,அண்டபஹிரண்டம்,7
aNdam,அண்டம்,3
aNdayoani,அண்டயோனி,4
aNdar,அண்டர்,3
aNdalar,அண்டலர்,4
aNdavaaNar,அண்டவாணர்,5
aNdajam,அண்டஜம்,4
aNdaa,அண்டா,2
aNdaar,அண்டார்,3
aNdimaaNdu,அண்டிமாண்டு,4
aNdinavan,அண்டினவன்,5
aNdu,அண்டு,2
aNdai,அண்டை,2
aNdaiyayal,அண்டையயல்,5
aNNańdhaaL,அண்ணந்தாள்,4
aNNam,அண்ணம்,3
aNNal,அண்ணல்,3
aNNan,அண்ணன்,3
aNNaa,அண்ணா,2
aNNaakku,அண்ணாக்கு,3
aNNaaththal,அண்ணாத்தல்,4
aNNaaththai,அண்ணாத்தை,3
aNNaańdhaaL,அண்ணாந்தாள்,4
aNNaańdhupaar,அண்ணாந்துபார்,5
aNNaar,அண்ணார்,3
aNNaavi,அண்ணாவி,3
aNNi,அண்ணி,2
aNNippaan,அண்ணிப்பான்,4
aNNu,அண்ணு,2
aNbal,அண்பல்,3
aNbu,அண்பு,2
aNmu,அண்மு,2
aNmai,அண்மை,2
aNmaichchuttu,அண்மைச்சுட்டு,4
aNmaiviLi,அண்மைவிளி,4
aNa,அண,2
aNangaadu,அணங்காடு,4
aNangu,அணங்கு,3
aNal,அணல்,3
aNavu,அணவு,3
aNavudhal,அணவுதல்,5
aNaa,அணா,2
aNi,அணி,2
aNikalachcheppu,அணிகலச்செப்பு,6
aNikalam,அணிகலம்,5
aNikalan,அணிகலன்,5
aNiththu,அணித்து,3
aNińdhurai,அணிந்துரை,4
aNimaa,அணிமா,3
aNimai,அணிமை,3
aNiyam,அணியம்,4
aNiyal,அணியல்,4
aNiyan,அணியன்,4
aNiyilakkaNam,அணியிலக்கணம்,7
aNiyiyal,அணியியல்,5
aNil,அணில்,3
aNilvarikkodungaay,அணில்வரிக்கொடுங்காய்,8
aNivagu,அணிவகு,4
aNivaguppu,அணிவகுப்பு,5
aNiviral,அணிவிரல்,5
aNu,அணு,2
aNuaayudham,அணுஆயுதம்,6
aNu ulai,அணு உலை,4
aNukkam,அணுக்கம்,4
aNukkan,அணுக்கன்,4
aNukki,அணுக்கி,3
aNuguNdu,அணுகுண்டு,4
aNusakthi,அணுசக்தி,4
aNuminvisai,அணுமின்விசை,5
aNumai,அணுமை,3
aNuviradham,அணுவிரதம்,6
aNai,அணை,2
aNaikkattu,அணைக்கட்டு,4
aNaikayiru,அணைகயிரு,5
aNaippu,அணைப்பு,3
aNaiyaar,அணையார்,4
aththakadagam,அத்தகடகம்,6
aththagiri,அத்தகிரி,4
aththakoaLam,அத்தகோளம்,5
aththasaamam,அத்தசாமம்,5
aththaththaa,அத்தத்தா,3
aththańaareesuwaran,அத்தநாரீசுwஅரன்,8
aththam,அத்தம்,3
aththamam,அத்தமம்,4
aththamanam,அத்தமனம்,5
aththami,அத்தமி,3
aththar,அத்தர்,3
aththan,அத்தன்,3
aththanai,அத்தனை,3
aththaatchi,அத்தாட்சி,3
aththaaNi,அத்தாணி,3
aththaazham,அத்தாழம்,4
aththaaLam,அத்தாளம்,4
aththaan,அத்தான்,3
aththi,அத்தி,2
aththikoodam,அத்திகூடம்,5
aththimbaer,அத்திம்பேர்,4
aththimugaththoan,அத்திமுகத்தோன்,6
aththiyańdham,அத்தியந்தம்,5
aththiyayanam,அத்தியயனம்,6
aththiyaasam,அத்தியாசம்,5
aththiyaapanam,அத்தியாபனம்,6
aththiyaayam,அத்தியாயம்,5
aththiyaavasiyam,அத்தியாவசியம்,7
aththirasaaththiram,அத்திரசாத்திரம்,7
aththiram,அத்திரம்,4
aththiraviyoogam,அத்திரவியூகம்,7
aththiri,அத்திரி,3
aththivaaram,அத்திவாரம்,5
aththini,அத்தினி,3
aththu,அத்து,2
aththuNai,அத்துணை,3
aththuppadi,அத்துப்படி,4
aththumeeru,அத்துமீரு,4
aththuvayam,அத்துவயம்,5
aththuvaanam,அத்துவானம்,5
aththuvidham,அத்துவிதம்,5
aththuvidheeyam,அத்துவிதீயம்,6
aththuvaidham,அத்துவைதம்,5
aththuvaidhi,அத்துவைதி,4
aththai,அத்தை,2
aththaippaatti,அத்தைப்பாட்டி,4
adhyayanam,அத்யயனம்,5
adhyaayam,அத்யாயம்,4
adhyaavasiyam,அத்யாவசியம்,6
adhvayam,அத்வயம்,4
adhvaanam,அத்வானம்,4
adhvitheeyam,அத்விதீயம்,5
adhvaitham,அத்வைதம்,4
adhvaithi,அத்வைதி,3
adhagam,அதகம்,4
adhagan,அதகன்,4
adhasam,அதசம்,4
adhasi,அதசி,3
adhattam,அதட்டம்,4
adhattu,அதட்டு,3
adham,அதம்,3
adhamabatcham,அதமபட்சம்,6
adhamam,அதமம்,4
adhaman,அதமன்,4
adhamaadhamam,அதமாதமம்,6
adhar,அதர்,3
adharkoaL,அதர்கோள்,4
adharppadu,அதர்ப்படு,4
adharppaduththal,அதர்ப்படுத்தல்,6
adharmam,அதர்மம்,4
adharvaNam,அதர்வணம்,5
adharvam,அதர்வம்,4
adharam,அதரம்,4
adharikoL,அதரிகொள்,5
adharidaichchelavu,அதரிடைச்செலவு,7
adharidhiri,அதரிதிரி,5
adharumam,அதருமம்,5
adhalkudhalam,அதல்குதலம்,6
adhalbaadhalam,அதல்பாதலம்,6
adhalam,அதலம்,4
adhavam,அதவம்,4
adhavu,அதவு,3
adhaL,அதள்,3
adhaa andRu,அதா அன்ன்று,4
adhaadhaa,அதாதா,2
adhaavadhu,அதாவது,4
adhaandRu,அதான்ன்று,3
adhi,அதி,2
adhikkiramam,அதிக்கிரமம்,6
adhikkirami,அதிக்கிரமி,5
adhigappadi,அதிகப்படி,5
adhigappadu,அதிகப்படு,5
adhigappatRu,அதிகப்பற்று,5
adhigappirasangam,அதிகப்பிரசங்கம்,8
adhigabatcham,அதிகபட்சம்,6
adhigam,அதிகம்,4
adhigar,அதிகர்,4
adhigari,அதிகரி,4
adhigan,அதிகன்,4
adhigaaram,அதிகாரம்,5
adhigaari,அதிகாரி,4
adhikaalam,அதிகாலம்,5
adhikaalai,அதிகாலை,4
adhiguNan,அதிகுணன்,5
adhingam,அதிங்கம்,4
adhisayam,அதிசயம்,5
adhisayi,அதிசயி,4
adhisayoakthi,அதிசயோக்தி,5
adhisaaram,அதிசாரம்,5
adhiseedham,அதிசீதம்,5
adhittam,அதிட்டம்,4
adhittaanam,அதிட்டானம்,5
adhidhaaram,அதிதாரம்,5
athithi,அதிதி,2
athithińaaL,அதிதிநாள்,5
aththipoojai,அத்திபூஜை,4
athidhaevadhai,அதிதேவதை,5
adhipadhi,அதிபதி,4
adhipalai,அதிபலை,4
adhiban,அதிபன்,4
adhimadhuram,அதிமதுரம்,6
adhiyamaan,அதியமான்,5
adhiyar,அதியர்,4
adhiyan,அதியன்,4
adhir,அதிர்,3
adhirchchi,அதிர்ச்சி,3
adhirvu,அதிர்வு,3
adhirvedi,அதிர்வெடி,4
adhivaettu,அதிவேட்டு,4
adhirasam,அதிரசம்,5
adhiradi,அதிரடி,4
adhiradippadai,அதிரடிப்படை,6
adhiradhan,அதிரதன்,5
adhiral,அதிரல்,4
adhiruttam,அதிருட்டம்,5
athirupthi,அதிருப்தி,4
athirupthiyaaLar,அதிருப்தியாளர்,7
adhirushttam,அதிருஷ்ட்டம்,5
adhiraegam,அதிரேகம்,5
adhivirutti,அதிவிருட்டி,5
adhivirushti,அதிவிருஷ்டி,5
adheetham,அதீதம்,4
adheethar,அதீதர்,4
adheenam,அதீனம்,4
adhu,அது,2
adhukku,அதுக்கு,3
adhukaaRum,அதுகாறும்,5
adhumbu,அதும்பு,3
athulam,அதுலம்,4
adheńdhu,அதெந்து,3
adhaippu,அதைப்பு,3
adhairiyam,அதைரியம்,5
adhoa,அதோ,2
adhoagadhi,அதோகதி,4
adhoamugam,அதோமுகம்,5
athoaraNan,அதோரணன்,5
athoaL,அதோள்,3
athoaLi,அதோளி,3
ańdha,அந்த,2
ańdhakkaraNam,அந்தக்கரணம்,6
ańdhagan,அந்தகன்,4
ańdhakaaram,அந்தகாரம்,5
ańdhakaari,அந்தகாரி,4
ańdhaNdai,அந்தண்டை,3
ańdhaNan,அந்தணன்,4
ańdhaNaaLan,அந்தணாளன்,5
ańdhańdha,அந்தந்த,3
ańdhappuram,அந்தப்புரம்,5
ańtham,அந்தம்,3
ańtharkadham,அந்தர்கதம்,5
ańthardhaanam,அந்தர்தானம்,5
ańtharmugam,அந்தர்முகம்,5
ańtharyaami,அந்தர்யாமி,4
ańtharvaahini,அந்தர்வாஹினி,5
ańtharakkottu,அந்தரக்கொட்டு,5
ańtharangam,அந்தரங்கம்,5
ańtharasaari,அந்தரசாரி,5
ańdharadi,அந்தரடி,4
ańdharathuńdhubi,அந்தரதுந்துபி,6
ańtharańadhi ,அந்தரநதி ,6
ańtharam,அந்தரம்,4
ańtharar,அந்தரர்,4
ańtharaathmaa,அந்தராத்மா,4
ańthari,அந்தரி,3
ańthariyaami,அந்தரியாமி,5
ańthaLam,அந்தளம்,4
ańthan,அந்தன்,3
ańdhaadhi,அந்தாதி,3
ańdhi,அந்தி,2
ańdhikkadai,அந்திக்கடை,4
ańdhikkaappu,அந்திக்காப்பு,4
ańdhikkaalam,அந்திக்காலம்,5
ańdhisańdhi,அந்திசந்தி,4
ańdhińatchaththiram,அந்திநட்சத்திரம்,7
ańdhippozhdhu,அந்திப்பொழ்து,4
ańdhippagal,அந்திப்பகல்,5
ańthimakaalam,அந்திமகாலம்,6
ańthimadhasai,அந்திமதசை,5
ańdhimańdhaaram,அந்திமந்தாரம்,6
ańdhimańdhaarai,அந்திமந்தாரை,5
ańthimam,அந்திமம்,4
ańdhimaalai,அந்திமாலை,4
ańdhiyakkiriyai,அந்தியக்கிரியை,6
ańthiyakaalam,அந்தியகாலம்,6
ańdhil,அந்தில்,3
ańdhivaNNan,அந்திவண்ணன்,5
ańdhu,அந்து,2
ańdhugam,அந்துகம்,4
ańdhoa,அந்தோ,2
ańńiyaputtam,அந்நியபுட்டம்,6
ańńiyam,அந்நியம்,4
ańńiyamaakku,அந்நியமாக்கு,5
ańńiyar,அந்நியர்,4
ańagan,அநகன்,4
ańangam,அநங்கம்,4
ańangan,அநங்கன்,4
ańaththam,அநத்தம்,4
ańaththiyayanam,அநத்தியயனம்,7
ańańthasayanan,அநந்தசயனன்,7
ańańtham,அநந்தம்,4
ańabaayan,அநபாயன்,5
ańalam,அநலம்,4
ańavaradham,அநவரதம்,6
ańavaradhamum,அநவரதமும்,7
ańaagarigam,அநாகரிகம்,6
ańaachaaram,அநாசாரம்,5
ańaadharatchagan,அநாதரட்சகன்,7
ańaadhi,அநாதி,3
ańaadhai,அநாதை,3
ańaamadhaeyan,அநாமதேயன்,6
ańaamikai,அநாமிகை,4
ańaayagam,அநாயகம்,5
ańaayaasam,அநாயாசம்,5
ańaavasiyam,அநாவசியம்,6
ańaavirutti,அநாவிருட்டி,5
ańaavirushti,அநாவிருஷ்டி,5
ańigam,அநிகம்,4
ańichchai,அநிச்சை,3
ańiththam,அநித்தம்,4
ańiththiyam,அநித்தியம்,5
ańiyaayam,அநியாயம்,5
ańilam,அநிலம்,4
ańeedhi,அநீதி,3
ańuggiragam,அநுக்கிரகம்,6
ańukaraNavoasai,அநுகரணவோசை,7
ańukoolam,அநுகூலம்,5
ańusańdhaanam,அநுசந்தானம்,6
ańusaraNai,அநுசரணை,5
ańusari,அநுசரி,4
ańusan,அநுசன்,4
ańuchidham,அநுசிதம்,5
ańuttaanam,அநுட்டானம்,5
ańudhaabam,அநுதாபம்,5
ańudhinam,அநுதினம்,5
ańudhinamum,அநுதினமும்,6
ańubańdham,அநுபந்தம்,5
ańupallavi,அநுபல்லவி,5
ańubavam,அநுபவம்,5
ańubavi,அநுபவி,4
ańubaanam,அநுபானம்,5
ańuboodhi,அநுபூதி,4
ańumadhi,அநுமதி,4
ańuman,அநுமன்,4
ańumaan,அநுமான்,4
ańumaanam,அநுமானம்,5
ańumaani,அநுமானி,4
ańuraagam,அநுராகம்,5
ańuloaman,அநுலோமன்,5
ańujan,அநுஜன்,4
ańushtaanam,அநுஷ்டானம்,5
ańaegam,அநேகம்,4
ańaegamaaga,அநேகமாக,5
apsarasu,அப்சரசு,4
apdhapoorththi,அப்தபூர்த்தி,4
apdham,அப்தம்,3
appachchi,அப்பச்சி,3
appattam,அப்பட்டம்,4
appadi,அப்படி,3
appaNai,அப்பணை,3
appappa,அப்பப்ப,3
appappaa,அப்பப்பா,3
appam,அப்பம்,3
appar,அப்பர்,3
appazhakku,அப்பழக்கு,4
appaLam,அப்பளம்,4
appaLaam,அப்பளாம்,4
appan,அப்பன்,3
appaa,அப்பா,2
appaadaa,அப்பாடா,3
appaadi,அப்பாடி,3
appaal,அப்பால்,3
appaavi,அப்பாவி,3
appaaRpadu,அப்பாற்படு,4
abyangam,அப்யங்கம்,4
abyanganam,அப்யங்கனம்,5
abbiyasi,அப்பியசி,4
abbiyaasam,அப்பியாசம்,5
appiragam,அப்பிரகம்,5
appirasiththam,அப்பிரசித்தம்,6
appiradhatchiNam,அப்பிரதட்சிணம்,7
appiraaNi,அப்பிராணி,4
appu,அப்பு,2
appulingam,அப்புலிங்கம்,5
appuRappaduththu,அப்புறப்படுத்து,6
appuRam,அப்புறம்,4
appoochchikaattu,அப்பூச்சிகாட்டு,5
appozhudhu,அப்பொழுது,4
appoadhu,அப்போது,3
appoadhaikkappoadhu,அப்போதைக்கப்போது,6
appoadhaikku,அப்போதைக்கு,4
appoazhdhu,அப்போழ்து,3
abakyaadhi,அபக்யாதி,4
apakkuvam,அபக்குவம்,5
apakkuvan,அபக்குவன்,5
abakari,அபகரி,4
abakaaram,அபகாரம்,5
abakeerththi,அபகீர்த்தி,4
abasagunam,அபசகுனம்,6
abachaaram,அபசாரம்,5
abaththam,அபத்தம்,4
abaththiyam,அபத்தியம்,5
abamiruththiyu,அபமிருத்தியு,6
abamiruththu,அபமிருத்து,5
abayagaram,அபயகரம்,6
abayadhaanam,அபயதானம்,6
abayappiradhaanam,அபயப்பிரதானம்,8
abayam,அபயம்,4
abayamidu,அபயமிடு,5
abayavaakku,அபயவாக்கு,5
abayan,அபயன்,4
abarakkiriyai,அபரக்கிரியை,6
aparanji,அபரஞ்சி,4
aparangyaanam,அபரஞானம்,6
aparam,அபரம்,4
aparaachidhan,அபராசிதன்,6
aparaadham,அபராதம்,5
aparaadhi,அபராதி,4
aparaajithan,அபராஜிதன்,6
aparimidham,அபரிமிதம்,6
abalai,அபலை,3
abavaadham,அபவாதம்,5
abaakkiyam,அபாக்கியம்,5
abaaNdam,அபாண்டம்,4
abaayachchangili,அபாயச்சங்கிலி,6
abaayachchangu,அபாயச்சங்கு,5
abaayam,அபாயம்,4
abaaram,அபாரம்,4
apaavam,அபாவம்,4
abaanam,அபானம்,4
abaanan,அபானன்,4
abichaaram,அபிசாரம்,5
abitegam,அபிடெகம்,5
abidhaanam,அபிதானம்,5
abinayam,அபினயம்,5
abinayi,அபினயி,4
abinavam,அபினவம்,5
abippiraayabaedham,அபிப்பிராயபேதம்,8
abippiraayam,அபிப்பிராயம்,6
abimaanam,அபிமானம்,5
abimaani,அபிமானி,4
abiraamam,அபிராமம்,5
abiraaman,அபிராமன்,5
abiraami,அபிராமி,4
abilaasai,அபிலாசை,4
abilaakshai,அபிலாக்ஷை,4
abiviruththi,அபிவிருத்தி,5
abin,அபின்,3
abini,அபினி,3
abishaegam,அபிஷேகம்,5
abeettam,அபீட்டம்,4
abeeshtam,அபீஷ்டம்,4
aboodham,அபூதம்,4
aboodhavuvamai,அபூதவுவமை,6
aboobam,அபூபம்,4
apoorNam,அபூர்ணம்,4
aboorvam,அபூர்வம்,4
apooraNam,அபூரணம்,5
apooruvam,அபூருவம்,5
apaetchagar,அபேட்சகர்,5
apaetchi,அபேட்சி,3
apaetchai,அபேட்சை,3
abaedham,அபேதம்,4
abaedhavaadham,அபேதவாதம்,6
abaedhavaadhi,அபேதவாதி,5
apaekshagar,அபேக்ஷகர்,5
apaekshi,அபேக்ஷி,3
apaekshai,அபேக்ஷை,3
aboachchiyam,அபோச்சியம்,5
aboadham,அபோதம்,4
aboajyam,அபோஜ்யம்,4
am,அம்,2
amsam,அம்சம்,3
ambagam,அம்பகம்,4
ambaNaththi,அம்பணத்தி,4
ambaNam,அம்பணம்,4
ambadhai,அம்பதை,3
ambar,அம்பர்,3
ambaram,அம்பரம்,4
ambal,அம்பல்,3
ambalakkaaran,அம்பலக்காரன்,6
ambalakkooththan,அம்பலக்கூத்தன்,6
ambalachchaavadi,அம்பலச்சாவடி,6
ambalam,அம்பலம்,4
ambalamaeRu,அம்பலமேறு,5
ambalavaaNan,அம்பலவாணன்,6
ambaRaaththooNi,அம்பறாத்தூணி,5
ambaa,அம்பா,2
ambaaram,அம்பாரம்,4
ambaari,அம்பாரி,3
ambaaL,அம்பாள்,3
ambi,அம்பி,2
ambikaapadhi,அம்பிகாபதி,5
ambigai,அம்பிகை,3
ambigaibaagan,அம்பிகைபாகன்,6
ambu,அம்பு,2
ambukkudhai,அம்புக்குதை,4
ambukkuppi,அம்புக்குப்பி,4
ambusam,அம்புசம்,4
ambusaadham,அம்புசாதம்,5
ambusaadhan,அம்புசாதன்,5
ambudham,அம்புதம்,4
ambudhi,அம்புதி,3
ambuyam,அம்புயம்,4
ambuyan,அம்புயன்,4
ambuyai,அம்புயை,3
amburaasi,அம்புராசி,4
amburugam,அம்புருகம்,5
ambuli,அம்புலி,3
ambulipparuvam,அம்புலிப்பருவம்,7
ambulimaan,அம்புலிமான்,5
ambuliyammaan,அம்புலியம்மான்,6
ambujam,அம்புஜம்,4
ambai,அம்பை,2
amboa,அம்போ,2
amboadharangam,அம்போதரங்கம்,6
amboadharam,அம்போதரம்,5
amboadhi,அம்போதி,3
amboarugam,அம்போருகம்,5
amboarugan,அம்போருகன்,5
amboarugai,அம்போருகை,4
amma,அம்ம,2
ammakoa,அம்மகோ,3
ammattil,அம்மட்டில்,4
ammattu,அம்மட்டு,3
ammattukku,அம்மட்டுக்கு,4
ammaNakkattai,அம்மணக்கட்டை,5
ammaNaththaar,அம்மணத்தார்,5
ammaNam,அம்மணம்,4
ammaNi,அம்மணி,3
ammam,அம்மம்,3
ammamma,அம்மம்ம,3
amman,அம்மன்,3
ammankattu,அம்மன்கட்டு,4
ammanai,அம்மனை,3
ammaa,அம்மா,2
ammaa,அம்மா,2
ammaachchi,அம்மாச்சி,3
ammaanji,அம்மாஞ்சி,3
ammaadi,அம்மாடி,3
ammaami,அம்மாமி,3
ammaar,அம்மார்,3
ammaaL,அம்மாள்,3
ammaRu,அம்மறு,3
ammaan,அம்மான்,3
ammaanseer,அம்மான்சீர்,4
ammaansaei,அம்மான்சேஇ,4
ammaanai,அம்மானை,3
ammaanaipparuvam,அம்மானைப்பருவம்,7
ammaanaivari,அம்மானைவரி,5
ammi,அம்மி,2
ammikkal,அம்மிக்கல்,4
ammikkuzhavi,அம்மிக்குழவி,5
ammai,அம்மை,2
ammaikkattu,அம்மைக்கட்டு,4
ammaikuththal,அம்மைகுத்தல்,5
ammaiththazhumbu,அம்மைத்தழும்பு,5
ammaippaal,அம்மைப்பால்,4
ammaipoattu,அம்மைபோட்டு,4
ammaiyappar,அம்மையப்பர்,5
ammaiyaar,அம்மையார்,4
ammaivaar,அம்மைவார்,4
ammaiviLaiyaattu,அம்மைவிளையாட்டு,6
amangalam,அமங்கலம்,5
amangali,அமங்கலி,4
amangalai,அமங்கலை,4
amasam,அமசம்,4
amadu,அமடு,3
amanji,அமஞ்சி,3
amaN,அமண்,3
amaNdam,அமண்டம்,4
amaNdalam,அமண்டலம்,5
amaNpaazhi,அமண்பாழி,4
amaNam,அமணம்,4
amaNar,அமணர்,4
amaNanpaazhi,அமணன்பாழி,5
amayam,அமயம்,4
amar,அமர்,3
amarkkaLam,அமர்க்களம்,5
amarththu,அமர்த்து,3
amarvu,அமர்வு,3
amara,அமர,3
amaragoasam,அமரகோசம்,6
amarasingar,அமரசிங்கர்,6
amarapakkam,அமரபக்கம்,6
amarapatcham,அமரபட்சம்,6
amarapaksham,அமரபக்ஷம்,6
amaram,அமரம்,4
amarar,அமரர்,4
amararkoan,அமரர்கோன்,5
amaraapadhi,அமராபதி,5
amaraar,அமரார்,4
amaraavadhi,அமராவதி,5
amari,அமரி,3
amarikkai,அமரிக்கை,4
amaridham,அமரிதம்,5
amaraesan,அமரேசன்,5
amal,அமல்,3
amalsei,அமல்செஇ,4
amaldhaar,அமல்தார்,4
amalam,அமலம்,4
amalan,அமலன்,4
amalai,அமலை,3
amaLi,அமளி,3
amaLigumaLi,அமளிகுமளி,6
amaLidhumaLi,அமளிதுமளி,6
amaLai,அமளை,3
amaaththiyan,அமாத்தியன்,5
amaavaasai,அமாவாசை,4
amaanaththu,அமானத்து,4
amaanam,அமானம்,4
amisam,அமிசம்,4
amisai,அமிசை,3
amiththiran,அமித்திரன்,5
amiththai,அமித்தை,3
amidham,அமிதம்,4
amidhavaadhi,அமிதவாதி,5
amir,அமிர்,3
amirdhakalai,அமிர்தகலை,5
amirdhakiraNan,அமிர்தகிரணன்,7
amirdhasanjeevi,அமிர்தசஞ்சீவி,6
amirdham,அமிர்தம்,4
amirdhan,அமிர்தன்,4
amiram,அமிரம்,4
amirudham,அமிருதம்,5
amirudhai,அமிருதை,4
amildhaar,அமில்தார்,4
amilam,அமிலம்,4
amizh,அமிழ்,3
amizhththu,அமிழ்த்து,3
amizhdham,அமிழ்தம்,4
amizhdhu,அமிழ்து,3
aminaa,அமினா,3
ameer,அமீர்,3
ameen,அமீன்,3
ameenaa,அமீனா,3
amukkan,அமுக்கன்,4
amukku,அமுக்கு,3
amugam,அமுகம்,4
amungu,அமுங்கு,3
amusu,அமுசு,3
amudhakadigai,அமுதகடிகை,6
amudhakiraNan,அமுதகிரணன்,7
amudhasurabi,அமுதசுரபி,6
amudham,அமுதம்,4
amudhar,அமுதர்,4
amudhavalli,அமுதவல்லி,5
amudhan,அமுதன்,4
amudhu,அமுது,3
amudhusei,அமுதுசெஇ,5
amudhupadi,அமுதுபடி,5
amudhupadai,அமுதுபடை,5
amudhuRai,அமுதுறை,4
amuri,அமுரி,3
amul,அமுல்,3
amoorththan,அமூர்த்தன்,4
amoorththi,அமூர்த்தி,3
amoolam,அமூலம்,4
amendhukottai,அமெந்துகொட்டை,5
amerikkaa,அமெரிக்கா,4
amaeththiyam,அமேத்தியம்,5
amaedhaneekki,அமேதனீக்கி,5
amai,அமை,2
amaichchagam,அமைச்சகம்,5
amaichchar,அமைச்சர்,4
amaichcharavai,அமைச்சரவை,5
amaichchan,அமைச்சன்,4
amaichchiyal,அமைச்சியல்,5
amaichuchu,அமைசுசு,3
amaidhi,அமைதி,3
amaippu,அமைப்பு,3
amaiyam,அமையம்,4
amaivu,அமைவு,3
amoagam,அமோகம்,4
ayyagoa,அய்யகோ,3
ayyangaar,அய்யங்கார்,4
ayyappaadu,அய்யப்பாடு,4
ayyam,அய்யம்,3
ayyar,அய்யர்,3
ayyavi,அய்யவி,3
ayyan,அய்யன்,3
ayyanpaazhi,அய்யன்பாழி,4
ayyanaar,அய்யனார்,4
ayyaa,அய்யா,2
ayyoa,அய்யோ,2
ayakkaandham,அயக்காந்தம்,5
ayakkireevan,அயக்கிரீவன்,6
ayachchindhooram,அயச்சிந்தூரம்,6
ayaNam,அயணம்,4
ayam,அயம்,3
ayar,அயர்,3
ayarchchi,அயர்ச்சி,3
ayardhi,அயர்தி,3
ayarppu,அயர்ப்பு,3
ayarvu,அயர்வு,3
ayal,அயல்,3
ayalńaadu,அயல்நாடு,4
ayalavar,அயலவர்,5
ayalaan,அயலான்,4
ayaluRavu,அயலுறவு,5
ayan,அயன்,3
ayankaNakku,அயன்கணக்கு,5
ayantheervai,அயன்தீர்வை,4
ayanmai,அயன்மை,3
ayanam,அயனம்,4
ayanamaNdalam,அயனமண்டலம்,7
ayaa,அயா,2
ayaavuyirththal,அயாவுயிர்த்தல்,6
ayindhiram,அயிந்திரம்,5
ayir,அயிர்,3
ayiraaNi,அயிராணி,4
ayiraavaNam,அயிராவணம்,6
ayiraavadham,அயிராவதம்,6
ayirai,அயிரை,3
ayil,அயில்,3
ayiRal,அயிறல்,4
ayini,அயினி,3
ayinińeer,அயினிநீர்,5
ayuktham,அயுக்தம்,4
ayuththam,அயுத்தம்,4
ayudham,அயுதம்,4
ayoakkiyadhai,அயோக்கியதை,5
ayoakkiyam,அயோக்கியம்,5
ayoakkiyan,அயோக்கியன்,5
ar,அர்,2
arkkam,அர்க்கம்,3
arkkiyam,அர்க்கியம்,4
archchagan,அர்ச்சகன்,4
archchanai,அர்ச்சனை,3
archchi,அர்ச்சி,2
archchai,அர்ச்சை,2
arththakoaLam,அர்த்தகோளம்,5
arththachandhiram,அர்த்தசந்திரம்,6
arththasaaththiram,அர்த்தசாத்திரம்,6
arththasaamam,அர்த்தசாமம்,5
arththanaasam,அர்த்தனாசம்,5
arththańaareesuvaran,அர்த்தநாரீசுவரன்,8
arththaputti,அர்த்தபுட்டி,4
arththapushti,அர்த்தபுஷ்டி,4
arththabaedham,அர்த்தபேதம்,5
arththam,அர்த்தம்,3
arththamaNdabam,அர்த்தமண்டபம்,6
arththaraaththiri,அர்த்தராத்திரி,5
arththavaedham,அர்த்தவேதம்,5
arththajaamam,அர்த்தஜாமம்,5
arththaabaththi,அர்த்தாபத்தி,4
arththaalangaaram,அர்த்தாலங்காரம்,6
arppaNam,அர்ப்பணம்,4
arppaNi,அர்ப்பணி,3
arppi,அர்ப்பி,2
ara,அர,2
arakkapparakka,அரக்கப்பரக்க,6
arakkan,அரக்கன்,4
arakki,அரக்கி,3
arakkinada,அரக்கினட,5
arakku,அரக்கு,3
arakkumanjaL,அரக்குமஞ்சள்,6
arangańaadhan,அரங்கநாதன்,6
arangam,அரங்கம்,4
arangu,அரங்கு,3
arangaetRu,அரங்கேற்று,4
aragaeRu,அரகேறு,4
arasamaram,அரசமரம்,6
arasamullai,அரசமுல்லை,5
arasalpurasal,அரசல்புரசல்,7
arasavaagai,அரசவாகை,5
arasavai,அரசவை,4
arasan,அரசன்,4
arasaangam,அரசாங்கம்,5
arasaatchi,அரசாட்சி,4
arasaaNi,அரசாணி,4
arasaaL,அரசாள்,4
arasaakshi,அரசாக்ஷி,4
arasi,அரசி,3
arasidhazh,அரசிதழ்,5
arasiyal,அரசியல்,5
arasiyalkaidhi,அரசியல்கைதி,6
arasiyalsattam,அரசியல்சட்டம்,7
arasiyalsaasanam,அரசியல்சாசனம்,8
arasiyalvaadhi,அரசியல்வாதி,6
arasirukkai,அரசிருக்கை,5
arasiRai,அரசிறை,4
arasu,அரசு,3
arasukkattil,அரசுக்கட்டில்,6
arasusei,அரசுசெஇ,5
arasudaimai,அரசுடைமை,5
arasudaimaiyaakku,அரசுடைமையாக்கு,7
arasuvaa,அரசுவா,4
arattal,அரட்டல்,4
arattan,அரட்டன்,4
arattuppurattu,அரட்டுப்புரட்டு,6
arattaiyadi,அரட்டையடி,5
araN,அரண்,3
araNmanai,அரண்மனை,4
araNyam,அரண்யம்,4
araNam,அரணம்,4
araNi,அரணி,3
araNiyam,அரணியம்,5
araNai,அரணை,3
araNaippuththi,அரணைப்புத்தி,5
araththagam,அரத்தகம்,5
araththam,அரத்தம்,4
araththan,அரத்தன்,4
araththai,அரத்தை,3
aradhanam,அரதனம்,5
arańdhai,அரந்தை,3
arappu,அரப்பு,3
arabi,அரபி,3
aram,அரம்,3
arambu,அரம்பு,3
arambai,அரம்பை,3
aramagaL,அரமகள்,5
aramangai,அரமங்கை,4
aramadandhai,அரமடந்தை,5
aramaadhar,அரமாதர்,5
aramiyam,அரமியம்,5
arayan,அரயன்,4
aravakkodiyoan,அரவக்கொடியோன்,7
aravagiri,அரவகிரி,5
aravanjei,அரவஞ்செஇ,5
aravaNińdhoan,அரவணிந்தோன்,6
aravaNai,அரவணை,4
aravaNaiththal,அரவணைத்தல்,6
aravappagai,அரவப்பகை,5
aravam,அரவம்,4
aravar,அரவர்,4
aravaabaraNan,அரவாபரணன்,7
aravińdham,அரவிந்தம்,5
aravińdhan,அரவிந்தன்,5
aravińdhai,அரவிந்தை,4
aravu,அரவு,3
aravuyarththoan,அரவுயர்த்தோன்,6
araL,அரள்,3
araLi,அரளி,3
aratRu,அரற்று,3
aran,அரன்,3
arandhoazhan,அரந்தோழன்,5
araa,அரா,2
araakkoaL,அராக்கோள்,4
araagam,அராகம்,4
araasagam,அராசகம்,5
araańdhaaNam,அராந்தாணம்,5
araapadham,அராபதம்,5
araamam,அராமம்,4
araami,அராமி,3
araaval,அராவல்,4
araavaNai,அராவணை,4
araajagam,அராஜகம்,5
ari,அரி,2
arikaNdam,அரிகண்டம்,5
arikaNdam paadudhal,அரிகண்டம் பாடுதல்,8
arigarapuththiran,அரிகரபுத்திரன்,8
arigaran,அரிகரன்,5
arigaRaiyaan,அரிகறையான்,6
arigaal,அரிகால்,4
arichchuvadi,அரிச்சுவடி,5
arisam,அரிசம்,4
arisayam,அரிசயம்,5
arisalam,அரிசலம்,5
arisanam,அரிசனம்,5
arisi,அரிசி,3
arisirangu,அரிசிரங்கு,5
arisu,அரிசு,3
arittam,அரிட்டம்,4
ariNam,அரிணம்,4
ariNai,அரிணை,3
arththai,அர்த்தை,2
aridhagi,அரிதகி,4
aridham,அரிதம்,4
aridhaaram,அரிதாரம்,5
aridhaaL,அரிதாள்,4
aridhu,அரிது,3
arippariththal,அரிப்பரித்தல்,6
arippiNaa,அரிப்பிணா,4
arippu,அரிப்பு,3
arippukkoodai,அரிப்புக்கூடை,5
arimaNal,அரிமணல்,5
arimaNai,அரிமணை,4
arimaa,அரிமா,3
arimaańoakku,அரிமாநோக்கு,5
ariya,அரிய,3
ariyaNai,அரியணை,4
ariyaasanam,அரியாசனம்,6
ariyaeRu,அரியேறு,4
aril,அரில்,3
arivari,அரிவரி,4
arivaaL,அரிவாள்,4
arivaaLmaNai,அரிவாள்மணை,5
arivai,அரிவை,3
arishtam,அரிஷ்டம்,4
aru,அரு,2
arukkam,அருக்கம்,4
arukkan,அருக்கன்,4
arukkiyam,அருக்கியம்,5
arugaNmai,அருகண்மை,4
arugadhai,அருகதை,4
arugańdhar,அருகந்தர்,5
arugam,அருகம்,4
arugar,அருகர்,4
arugal,அருகல்,4
arugan,அருகன்,4
arugaamai,அருகாமை,4
arugil,அருகில்,4
arugu,அருகு,3
arungalam,அருங்கலம்,5
arungalaivinoadhan,அருங்கலைவினோதன்,8
arungaedan,அருங்கேடன்,5
arungoadai,அருங்கோடை,4
aruchchagan,அருச்சகன்,5
aruchchanai,அருச்சனை,4
aruchchi,அருச்சி,3
aruchchunam,அருச்சுனம்,5
arunjiRai,அருஞ்சிறை,4
arunjuram,அருஞ்சுரம்,5
arutkuRi,அருட்குறி,4
arutsiththi,அருட்சித்தி,4
arutsoadhi,அருட்சோதி,4
aruttu,அருட்டு,3
arutpaa,அருட்பா,3
aruNagiri,அருணகிரி,5
aruNam,அருணம்,4
aruNan,அருணன்,4
aruNaachalam,அருணாசலம்,6
aruNoadhayam,அருணோதயம்,6
aruththańool,அருத்தநூல்,5
aruththam,அருத்தம்,4
aruththaabaththi,அருத்தாபத்தி,5
aruththi,அருத்தி,3
aruththu,அருத்து,3
aruńdhadhi,அருந்ததி,4
aruńdhal,அருந்தல்,4
aruńdhu,அருந்து,3
aruńilam,அருநிலம்,5
aruńizhal,அருநிழல்,5
aruńelli,அருநெல்லி,4
aruńeRi,அருநெறி,4
aruppam,அருப்பம்,4
arum,அரும்,3
arumbadhavurai,அரும்பதவுரை,6
arumbar,அரும்பர்,4
arumbaavi,அரும்பாவி,4
arumpinju,அரும்பிஞ்சு,4
arumbiNi,அரும்பிணி,4
arumbu,அரும்பு,3
arumbeRal,அரும்பெறல்,5
arumańdha,அருமந்த,4
arumańdhanna,அருமந்தன்ன,5
arumaruńdhu,அருமருந்து,5
arumai,அருமை,3
aruvam,அருவம்,4
aruvar,அருவர்,4
aruvaru,அருவரு,4
aruvan,அருவன்,4
aruvaańaadu,அருவாநாடு,5
aruvi,அருவி,3
aruvuru,அருவுரு,4
aruvuruvam,அருவுருவம்,6
aruL,அருள்,3
aruLvaakku,அருள்வாக்கு,4
aruLaaLan,அருளாளன்,5
aruLichchei,அருளிச்செஇ,5
aruLichcheyal,அருளிச்செயல்,6
aroobam,அரூபம்,4
aroobi,அரூபி,3
arai,அரை,2
araikkachchu,அரைக்கச்சு,4
araikkaal,அரைக்கால்,4
araikkeerai,அரைக்கீரை,4
araigal,அரைகல்,4
araiguRai,அரைகுறை,4
araichchattai,அரைச்சட்டை,4
araisan,அரைசன்,4
araisu,அரைசு,3
araingyaan,அரைஞான்,4
araińaa,அரைநா,3
araińaaN,அரைநாண்,4
araińaaL,அரைநாள்,4
araippattigai,அரைப்பட்டிகை,5
araippu,அரைப்பு,3
araippuLLi,அரைப்புள்ளி,4
araiyar,அரையர்,4
araiyalan,அரையலன்,5
araiyan,அரையன்,4
araiyaappu,அரையாப்பு,4
araiyiRudhi,அரையிறுதி,5
araivaekkaadu,அரைவேக்காடு,5
al,அல்,2
algal,அல்கல்,3
algaa,அல்கா,2
algu,அல்கு,2
algul,அல்குல்,3
alpam,அல்பம்,3
alla,அல்ல,2
allangaadi,அல்லங்காடி,4
alladhu,அல்லது,3
alladhooum,அல்லதூஉம்,5
alladhai,அல்லதை,3
allam,அல்லம்,3
allal,அல்லல்,3
allavaa,அல்லவா,3
allavai,அல்லவை,3
allana,அல்லன,3
allaa,அல்லா,2
allaattam,அல்லாட்டம்,4
alladu,அல்லடு,3
allaadudhal,அல்லாடுதல்,5
allaaththal,அல்லாத்தல்,4
allaamal,அல்லாமல்,4
allaal,அல்லால்,3
alli,அல்லி,2
alliyam,அல்லியம்,4
alliruL,அல்லிருள்,4
allum pagalum,அல்லும் பகலும்,6
alloalakalloalam,அல்லோலகல்லோலம்,7
alvazhi,அல்வழி,3
alvazhippuNarchchi,அல்வழிப்புணர்ச்சி,6
alvaa,அல்வா,2
ala,அல,2
alakkaN,அலக்கண்,4
alakkazhi,அலக்கழி,4
alakkaaga,அலக்காக,4
alakku,அலக்கு,3
alagidu,அலகிடு,4
alagu,அலகு,3
alagupanai,அலகுபனை,5
alagai,அலகை,3
alagaiththaer,அலகைத்தேர்,5
alangam,அலங்கம்,4
alangamalanga,அலங்கமலங்க,6
alangari,அலங்கரி,4
alangaaram,அலங்காரம்,5
alangu,அலங்கு,3
alangoalam,அலங்கோலம்,5
alachchai,அலச்சை,3
alasal,அலசல்,4
alasu,அலசு,3
alatchiyam,அலட்சியம்,5
alattu,அலட்டு,3
alatthagam,அலட்தகம்,5
alam,அலம்,3
alambu,அலம்பு,3
alamaral,அலமரல்,5
alamaa,அலமா,3
alamaappu,அலமாப்பு,4
alamaari,அலமாரி,4
alar,அலர்,3
Alarkadhir,Aலர்கதிர்,3
alarththal,அலர்த்தல்,4
alari,அலரி,3
alavan,அலவன்,4
alavai,அலவை,3
alatRu,அலற்று,3
alaRal,அலறல்,4
alaRiyadiththukkoNdu,அலறியடித்துக்கொண்டு,8
alaRippudaiththukkoNdu,அலறிப்புடைத்துக்கொண்டு,8
alaRu,அலறு,3
alakshiyam,அலக்ஷியம்,5
alajjai,அலஜ்ஜை,3
alaakkaaga,அலாக்காக,4
alaadhi,அலாதி,3
alaayudhan,அலாயுதன்,5
alaarippu,அலாரிப்பு,4
ali,அலி,2
alimaram,அலிமரம்,5
aliyezhuththu,அலியெழுத்து,5
aleegan,அலீகன்,4
alu,அலு,2
alungu,அலுங்கு,3
aluminiyam,அலுமினியம்,6
aluval,அலுவல்,4
aluvalagam,அலுவலகம்,6
aluvalagar,அலுவலகர்,6
alai,அலை,2
alaikkazhi,அலைக்கழி,4
alaichchal,அலைச்சல்,4
alaidhaadi,அலைதாடி,4
alaipaay,அலைபாய்,4
alaimagaL,அலைமகள்,5
alaimoadhu,அலைமோது,4
alaiyal,அலையல்,4
alaivarisai,அலைவரிசை,5
alaivaay,அலைவாய்,4
alaivu,அலைவு,3
aloagam,அலோகம்,4
av,அவ்,2
avyaktham,அவ்யக்தம்,4
avva,அவ்வ,2
avvadhu,அவ்வது,3
avvappoadhu,அவ்வப்போது,4
avvayin,அவ்வயின்,4
avvavar,அவ்வவர்,4
avvazhi,அவ்வழி,3
avvaLavaaga,அவ்வளவாக,5
avvaLavu,அவ்வளவு,4
avvaLavudhaan,அவ்வளவுதான்,6
avvaaRu,அவ்வாறு,3
avviththal,அவ்வித்தல்,4
avviyam,அவ்வியம்,4
avvai,அவ்வை,2
avakkaedu,அவக்கேடு,4
avagadhi,அவகதி,4
avagaasam,அவகாசம்,5
avagaesi,அவகேசி,4
avakaedu,அவகேடு,4
avachchuzhi,அவச்சுழி,4
avachchol,அவச்சொல்,4
avasagunam,அவசகுனம்,6
avasam,அவசம்,4
avasarakkudukkai,அவசரக்குடுக்கை,7
avasarakkoalam,அவசரக்கோலம்,7
avasarachchattam,அவசரச்சட்டம்,7
avasarasigichchai,அவசரசிகிச்சை,7
avasarappadu,அவசரப்படு,6
avasaram,அவசரம்,5
avasiyam,அவசியம்,5
avaN,அவண்,3
avaththuRai,அவத்துறை,4
avaththai,அவத்தை,3
avadharaNam,அவதரணம்,6
avadhari,அவதரி,4
avadhaaram,அவதாரம்,5
avadhaarigai,அவதாரிகை,5
avadhaanam,அவதானம்,5
avadhaani,அவதானி,4
avadhi,அவதி,3
avadhippadu,அவதிப்படு,5
avadhoodhan,அவதூதன்,5
avadhooRu,அவதூறு,4
avańdharai,அவந்தரை,4
avańdhan,அவந்தன்,4
avańdhi,அவந்தி,3
avańdhigai,அவந்திகை,4
avańambikkai,அவநம்பிக்கை,5
avańudhi,அவநுதி,4
avappaer,அவப்பேர்,4
avappozhudhu,அவப்பொழுது,5
avam,அவம்,3
avamadhi,அவமதி,4
avamariyaadhai,அவமரியாதை,6
avamaanam,அவமானம்,5
avayakkoazhi,அவயக்கோழி,5
avayangaaththal,அவயங்காத்தல்,6
avayam,அவயம்,4
avayavam,அவயவம்,5
avayavi,அவயவி,4
avar,அவர்,3
avargaL,அவர்கள்,4
avarvayinvidhumbal,அவர்வயின்விதும்பல்,8
avarai,அவரை,3
avaroagaNam,அவரோகணம்,6
aval,அவல்,3
avalachchuvai,அவலச்சுவை,5
avalachchuzhi,அவலச்சுழி,5
avalatchaNam,அவலட்சணம்,6
avalam,அவலம்,4
avalambi,அவலம்பி,4
avalakshaNam,அவலக்ஷணம்,6
avali,அவலி,3
avaL,அவள்,3
avan,அவன்,3
avani,அவனி,3
avaniban,அவனிபன்,5
avaśthai,அவஸ்தை,3
avaa,அவா,2
avaańdharam,அவாந்தரம்,5
avaayńilai,அவாய்நிலை,4
avaavaRuththal,அவாவறுத்தல்,6
avaavaamai,அவாவாமை,4
avaavinmai,அவாவின்மை,4
avaavu,அவாவு,3
avi,அவி,2
avigaaram,அவிகாரம்,5
avichchai,அவிச்சை,3
avisal,அவிசல்,4
avisu,அவிசு,3
avittam,அவிட்டம்,4
avińayasaalai,அவிநயசாலை,6
avińayam,அவிநயம்,5
avińayar,அவிநயர்,5
avińaasam,அவிநாசம்,5
avippali,அவிப்பலி,4
avibaktha,அவிபக்த,4
avyal,அவ்யல்,3
avir,அவிர்,3
avirppaagam,அவிர்ப்பாகம்,5
avirmadhi,அவிர்மதி,4
aviroLi,அவிரொளி,4
avildhaar,அவில்தார்,4
avivaegam,அவிவேகம்,5
avivaegi,அவிவேகி,4
avizh,அவிழ்,3
avinayam,அவினயம்,5
avinaasi,அவினாசி,4
avuNan,அவுணன்,4
avudhaa,அவுதா,3
avuri,அவுரி,3
avuldhaar,அவுல்தார்,4
avai,அவை,2
avaikkaLam,அவைக்களம்,5
avaiththalaivar,அவைத்தலைவர்,6
avaimunnavar,அவைமுன்னவர்,6
avaiyadakkam,அவையடக்கம்,6
avaiyadakku,அவையடக்கு,5
avaiyaththaar,அவையத்தார்,5
avaiyam,அவையம்,4
avaiyal,அவையல்,4
avaiyalkiLavi,அவையல்கிளவி,6
avaiyaRidhal,அவையறிதல்,6
azhagar,அழகர்,4
azhagan,அழகன்,4
azhagi,அழகி,3
azhagidhu,அழகிது,4
azhagu,அழகு,3
azhagukaattu,அழகுகாட்டு,5
azhagusaadhanam,அழகுசாதனம்,7
azhal,அழல்,3
azhalai,அழலை,3
azhaRkaNNan,அழற்கண்ணன்,5
azhaRkadhir,அழற்கதிர்,5
azhaRkaay,அழற்காய்,4
azhaRchi,அழற்சி,3
azhan,அழன்,3
azhi,அழி,2
azhichchaattam,அழிச்சாட்டம்,5
azhichchaattiyam,அழிச்சாட்டியம்,6
azhithagavu,அழிதகவு,5
azhidhanmaalai,அழிதன்மாலை,5
azhippaan,அழிப்பான்,4
azhipasi,அழிபசி,4
azhipadar,அழிபடர்,5
azhipadudhal,அழிபடுதல்,6
azhipaadu,அழிபாடு,4
azhipeyal,அழிபெயல்,5
azhimbu,அழிம்பு,3
azhivazhakku,அழிவழக்கு,5
azhivu,அழிவு,3
azhu,அழு,2
azhukkatRu,அழுக்கற்று,4
azhukkaRu,அழுக்கறு,4
azhukkaRuppaan,அழுக்கறுப்பான்,6
azhukkan,அழுக்கன்,4
azhukkaaRu,அழுக்காறு,4
azhukku,அழுக்கு,3
azhugal,அழுகல்,4
azhugu,அழுகு,3
azhuguNi,அழுகுணி,4
azhugai,அழுகை,3
azhungal,அழுங்கல்,4
azhungu,அழுங்கு,3
azhuththakkaaran,அழுத்தக்காரன்,6
azhuththam,அழுத்தம்,4
azhuththamthiruththam,அழுத்தம்திருத்தம்,7
azhuththi,அழுத்தி,3
azhuththu,அழுத்து,3
azhudhal,அழுதல்,4
azhudhuvazhidhal,அழுதுவழிதல்,7
azhuńdhu,அழுந்து,3
azhumoonji,அழுமூஞ்சி,4
azhuvam,அழுவம்,4
azhai,அழை,2
azhaippavar,அழைப்பவர்,5
azhaippaaLar,அழைப்பாளர்,5
azhaippidhazh,அழைப்பிதழ்,5
azhaippu,அழைப்பு,3
azhaippumaNi,அழைப்புமணி,5
aL,அள்,2
aLLal,அள்ளல்,3
aLLizhuththal,அள்ளிழுத்தல்,5
aLLu,அள்ளு,2
aLLumaańdham,அள்ளுமாந்தம்,5
aLLooRal,அள்ளூறல்,4
aLLooRudhal,அள்ளூறுதல்,5
aLa,அள,2
aLakkar,அளக்கர்,4
aLagapańdhi,அளகபந்தி,5
aLagabaaram,அளகபாரம்,6
aLagam,அளகம்,4
aLagaapuri,அளகாபுரி,5
aLagu,அளகு,3
aLagaesan,அளகேசன்,5
aLagai,அளகை,3
aLappariya,அளப்பரிய,5
aLappaLaththal,அளப்பளத்தல்,6
aLappaRidhal,அளப்பறிதல்,6
aLappu,அளப்பு,3
aLabu,அளபு,3
aLabedai,அளபெடை,4
aLam,அளம்,3
aLavadi,அளவடி,4
aLaval,அளவல்,4
aLavaLaay,அளவளாய்,5
aLavaLaaval,அளவளாவல்,6
aLavaLaavu,அளவளாவு,5
aLavidu,அளவிடு,4
aLavil,அளவில்,4
aLaviRaththal,அளவிறத்தல்,6
aLavinmai,அளவின்மை,4
aLavu,அளவு,3
aLavukoal,அளவுகோல்,5
aLavai,அளவை,3
aLavaińool,அளவைநூல்,5
aLavaiyaagupeyar,அளவையாகுபெயர்,8
aLaRu,அளறு,3
aLaRupadu,அளறுபடு,5
aLaaya,அளாய,3
aLaavu,அளாவு,3
aLi,அளி,2
aLiyan,அளியன்,4
aLai,அளை,2
aLai I,அளை I,3
aRkaa,அற்கா,2
aRgu,அற்கு,2
aRkuba,அற்குப,3
aRchiram,அற்சிரம்,4
aRchiRai,அற்சிறை,3
aRpasoRpam,அற்பசொற்பம்,5
aRpam,அற்பம்,3
aRpan,அற்பன்,3
aRpaayu,அற்பாயு,3
aRpaayusu,அற்பாயுசு,4
aRpaayuL,அற்பாயுள்,4
aRpudham,அற்புதம்,4
aRpudhan,அற்புதன்,4
atRam,அற்றம்,3
atRavar,அற்றவர்,4
atRaar,அற்றார்,3
atRu,அற்று,2
atRuppoa,அற்றுப்போ,3
atRael,அற்றேல்,3
atRai,அற்றை,2
atRaikkooli,அற்றைக்கூலி,4
atRaiththingaL,அற்றைத்திங்கள்,5
atRaińaaL,அற்றைநாள்,4
atRaipparisam,அற்றைப்பரிசம்,6
aRa,அற,2
aRakkattaLai,அறக்கட்டளை,5
aRakkadavuL,அறக்கடவுள்,6
aRakkadai,அறக்கடை,4
aRangadai,அறங்கடை,4
aRangaavalar,அறங்காவலர்,6
aRangooRavaiyam,அறங்கூறவையம்,7
aRachchaalai,அறச்சாலை,4
aRaththooRu,அறத்தூறு,4
aRaththupaal,அறத்துபால்,5
aRaththuRa,அறத்துற,4
aRaththuRai,அறத்துறை,4
aRańilai,அறநிலை,4
aRańool,அறநூல்,4
aRam,அறம்,3
aRal,அறல்,3
aRavan,அறவன்,4
aRavaazhi,அறவாழி,4
aRavi,அறவி,3
aRavidudhal,அறவிடுதல்,6
aRavurai,அறவுரை,4
aRavae,அறவே,3
aRavoar,அறவோர்,4
aRavoan,அறவோன்,4
aRan,அறன்,3
aRankadai,அறன்கடை,4
aRaa,அறா,2
aRaadha,அறாத,3
aRi,அறி,2
aRikkai,அறிக்கை,3
aRigilaadhaar,அறிகிலாதார்,6
aRiguRi,அறிகுறி,4
aRigondRu,அறிகொன்ன்று,4
aRingyan,அறிஞன்,4
aRithuyil,அறிதுயில்,5
aRiporuL,அறிபொருள்,5
aRimadam,அறிமடம்,5
aRimugam,அறிமுகம்,5
aRiyaamai,அறியாமை,4
aRiyaanvinaa,அறியான்வினா,5
aRiyuńan,அறியுநன்,5
aRiyoNaa,அறியொணா,4
aRivaRai,அறிவறை,4
aRivan,அறிவன்,4
aRivaaLan,அறிவாளன்,5
aRivaaLi,அறிவாளி,4
aRivi,அறிவி,3
aRivippu,அறிவிப்பு,4
aRiviyal,அறிவியல்,5
aRiviyaRkoodam,அறிவியற்கூடம்,7
aRivili,அறிவிலி,4
aRivinaa,அறிவினா,4
aRiveenam,அறிவீனம்,5
aRiveenan,அறிவீனன்,5
aRivu,அறிவு,3
aRivukoLuththudhal,அறிவுகொளுத்துதல்,8
aRivudaimai,அறிவுடைமை,5
aRivumayangal,அறிவுமயங்கல்,7
aRivurai,அறிவுரை,4
aRivuRuththu,அறிவுறுத்து,5
aRivuRudhal,அறிவுறுதல்,6
aRivujeevi,அறிவுஜீவி,5
aRu,அறு,2
aRugampul,அறுகம்புல்,5
aRugu,அறுகு,3
aRugai,அறுகை,3
aRukoaNam,அறுகோணம்,5
aRusuvai,அறுசுவை,4
aRuththavaL,அறுத்தவள்,5
aRuththukkattudhal,அறுத்துக்கட்டுதல்,7
aRudhal,அறுதல்,4
aRudhali,அறுதலி,4
aRudhi,அறுதி,3
aRudhipperumbaanmai,அறுதிப்பெரும்பான்மை,7
aRudhiyidu,அறுதியிடு,5
aRuthozhiloar,அறுதொழிலோர்,6
aRuppu,அறுப்பு,3
aRuppukkooli,அறுப்புக்கூலி,5
aRupagai,அறுபகை,4
aRupadham,அறுபதம்,5
aRubadhu,அறுபது,4
aRuparuvam,அறுபருவம்,6
aRupaan,அறுபான்,4
aRumbu,அறும்பு,3
aRumeen,அறுமீன்,4
aRumugan,அறுமுகன்,5
aRuvadai,அறுவடை,4
aRuvar,அறுவர்,4
aRuvai,அறுவை,3
aRuvaichchigichchai,அறுவைச்சிகிச்சை,6
aRai,அறை,2
aRaikkeerai,அறைக்கீரை,4
aRaikoovu,அறைகூவு,4
aRaipoadhal,அறைபோதல்,5
an,அன்,2
anbaLippu,அன்பளிப்பு,4
anban,அன்பன்,3
anbili,அன்பிலி,3
anbu,அன்பு,2
anbukoor,அன்புகூர்,4
anmai,அன்மை,2
anmaichchol,அன்மைச்சொல்,4
anvayi,அன்வயி,3
andRandRu,அன்ன்றன்ன்று,3
andRaadam,அன்ன்றாடம்,4
andRaadu,அன்ன்றாடு,3
andRaadukaasu,அன்ன்றாடுகாசு,5
andRi,அன்ன்றி,2
andRikkae,அன்ன்றிக்கே,3
andRiyum,அன்ன்றியும்,4
andRil,அன்ன்றில்,3
andRu,அன்ன்று,2
andRae,அன்ன்றே,2
andRaikku,அன்ன்றைக்கு,3
andRaiya,அன்ன்றைய,3
andRoa,அன்ன்றோ,2
Anna,Aன்ன,0
annakkaavadi,அன்னக்காவடி,5
annakkodi,அன்னக்கொடி,4
annachchaththiram,அன்னச்சத்திரம்,6
annasaalai,அன்னசாலை,4
annanaNam,அன்னனணம்,5
annadhaanam,அன்னதானம்,5
annappiraasanam,அன்னப்பிராசனம்,7
annam,அன்னம்,3
annar,அன்னர்,3
annavan,அன்னவன்,4
annavai,அன்னவை,3
annaasi,அன்னாசி,3
annabishaegam,அன்னபிஷேகம்,6
annaay,அன்னாய்,3
annaaL,அன்னாள்,3
annaan,அன்னான்,3
anniyaputtam,அன்னியபுட்டம்,6
anniyam,அன்னியம்,4
anniyamaakku,அன்னியமாக்கு,5
anniyar,அன்னியர்,4
anniyoanniyam,அன்னியோன்னியம்,6
annuvayam,அன்னுவயம்,5
annai,அன்னை,2
annoa,அன்னோ,2
anagan,அனகன்,4
anangam,அனங்கம்,4
anangan,அனங்கன்,4
anasanam,அனசனம்,5
anaththam,அனத்தம்,4
anaththiyayanam,அனத்தியயனம்,7
anańdhasayanan,அனந்தசயனன்,7
anańtham,அனந்தம்,4
anańthar,அனந்தர்,4
anańtharavaarisu,அனந்தரவாரிசு,7
anańthal,அனந்தல்,4
anańthan,அனந்தன்,4
anabaayan,அனபாயன்,5
anarththam,அனர்த்தம்,4
anal,அனல்,3
analam,அனலம்,4
anali,அனலி,3
anavaradham,அனவரதம்,6
anavaradhamum,அனவரதமும்,7
anaachaaram,அனாசாரம்,5
anaadharatchagan,அனாதரட்சகன்,7
anaadhi,அனாதி,3
annaadhai,அன்னாதை,3
anaayaasam,அனாயாசம்,5
anaavasiyam,அனாவசியம்,6
anaavirutti,அனாவிருட்டி,5
anaavirushti,அனாவிருஷ்டி,5
anigam,அனிகம்,4
anichcham,அனிச்சம்,4
anichchai,அனிச்சை,3
anichchaichcheyal,அனிச்சைச்செயல்,6
aniyaayam,அனியாயம்,5
anilam,அனிலம்,4
anukkiragam,அனுக்கிரகம்,6
anukaraNavoasai,அனுகரணவோசை,7
anugoolam,அனுகூலம்,5
anusańdhaanam,அனுசந்தானம்,6
anusaraNai,அனுசரணை,5
anusari,அனுசரி,4
anuchan,அனுசன்,4
anuchidham,அனுசிதம்,5
anuttaanam,அனுட்டானம்,5
anudhaabam,அனுதாபம்,5
anudhinam,அனுதினம்,5
anudhinamum,அனுதினமும்,6
anuppu,அனுப்பு,3
anubańdham,அனுபந்தம்,5
anupallavi,அனுபல்லவி,5
anubavam,அனுபவம்,5
anubavi,அனுபவி,4
anubaanam,அனுபானம்,5
anupoodhi,அனுபூதி,4
anumadhi,அனுமதி,4
anuman,அனுமன்,4
anumaan,அனுமான்,4
anumaanam,அனுமானம்,5
anumaani,அனுமானி,4
anuraagam,அனுராகம்,5
anuloaman,அனுலோமன்,5
anushtaanam,அனுஷ்டானம்,5
anusham,அனுஷம்,4
anaegam,அனேகம்,4
anaegamaaga,அனேகமாக,5
anaiththu,அனைத்து,3
anaiththum,அனைத்தும்,4
anaiya,அனைய,3
akshakkoadu,அக்ஷக்கோடு,4
akshadhai,அக்ஷதை,3
aksham,அக்ஷம்,3
akshamaNi,அக்ஷமணி,4
akshamaalai,அக்ஷமாலை,4
akshaya,அக்ஷய,3
akshayapaathram,அக்ஷயபாத்ரம்,6
akshayam,அக்ஷயம்,4
aksharagaNidham,அக்ஷரகணிதம்,7
aksharam,அக்ஷரம்,4
aksharaabyaasam,அக்ஷராப்யாசம்,6
akshaamsam,அக்ஷாம்சம்,4
akshi,அக்ஷி,2
akshowhiNi,அக்ஷொளஹிணி,4
ajagajaańdharam,அஜகஜாந்தரம்,7
ajam,அஜம்,3
ajan,அஜன்,3
ajaakkiradhai,அஜாக்கிரதை,5
ajaakradhai,அஜாக்ரதை,4
ajeeraNam,அஜீரணம்,5
ashtakoaNam,அஷ்டகோணம்,5
ashtasiththi,அஷ்டசித்தி,4
ashtadhikkajam,அஷ்டதிக்கஜம்,6
ashtadhikbaalagar,அஷ்டதிக்பாலகர்,7
ashtanaagabandham,அஷ்டனாகபந்தம்,7
ashtapaadham,அஷ்டபாதம்,5
ashtamachchani,அஷ்டமச்சனி,5
ashtamam,அஷ்டமம்,4
ashtamaasiththi,அஷ்டமாசித்தி,5
ashtamaańaagam,அஷ்டமாநாகம்,6
ashtami,அஷ்டமி,3
ashtamoorththam,அஷ்டமூர்த்தம்,5
ashtamoorththi,அஷ்டமூர்த்தி,4
ashtalatchumi,அஷ்டலட்சுமி,5
ashtalakshmi,அஷ்டலக்ஷ்மி,4
ashtaavadhaanam,அஷ்டாவதானம்,6
ashtaavadhaani,அஷ்டாவதானி,5
aśka,அஸ்க,2
aśthrasaaśthiram,அஸ்த்ரசாஸ்திரம்,6
aśthagiri,அஸ்தகிரி,4
aśthami,அஸ்தமி,3
aśthi,அஸ்தி,2
aśthiram,அஸ்திரம்,4
aśthivaaram,அஸ்திவாரம்,5
aśmaanagiri,அஸ்மானகிரி,5
aśowkyam,அஸொளக்யம்,4
aśowgariyam,அஸொளகரியம்,6
aharnisam,அஹர்னிசம்,5
ahaś,அஹஸ்,3
ahimsai,அஹிம்சை,3
ahimśai,அஹிம்ஸை,3
ahoaraathram,அஹோராத்ரம்,5
aa,ஆ,1
aa a,ஆ அ,2
aa aa,ஆ ஆ,2
aakkakkiLavi,ஆக்கக்கிளவி,5
aakkadham,ஆக்கதம்,4
aakkappeyar,ஆக்கப்பெயர்,5
aakkam,ஆக்கம்,3
aakkar,ஆக்கர்,3
aakkal,ஆக்கல்,3
aakkaattu,ஆக்காட்டு,3
aakkińaeyam,ஆக்கிநேயம்,5
aakkiyaańam,ஆக்கியாநம்,5
aakkiyaanam,ஆக்கியானம்,5
aakkiyoan,ஆக்கியோன்,4
aakkirami,ஆக்கிரமி,4
aakkiraaNam,ஆக்கிராணம்,5
aakkinaeyam,ஆக்கினேயம்,5
aakkinai,ஆக்கினை,3
aakku,ஆக்கு,2
aakkuppurai,ஆக்குப்புரை,4
aakkai,ஆக்கை,2
aakkaiyili,ஆக்கையிலி,4
aakngyai,ஆக்ஞை,2
aakroasham,ஆக்ரோஷம்,4
aaga,ஆக,2
aagakkoodi,ஆகக்கூடி,4
aagattum,ஆகட்டும்,4
aagadiyam,ஆகடியம்,5
aagaNdalan,ஆகண்டலன்,5
aagadhar,ஆகதர்,4
aagańdhugam,ஆகந்துகம்,5
aagam,ஆகம்,3
aagamam,ஆகமம்,4
aagamanam,ஆகமனம்,5
aagamili,ஆகமிலி,4
aagarshi,ஆகர்ஷி,3
aagaram,ஆகரம்,4
aagal,ஆகல்,3
aagavam,ஆகவம்,4
aagavae,ஆகவே,3
aagaa,ஆகா,2
aagaasakkappal,ஆகாசக்கப்பல்,6
aagaasakkoattai,ஆகாசக்கோட்டை,5
aagaasagangai,ஆகாசகங்கை,5
aagaasakamanam,ஆகாசகமனம்,7
aagaasaththaamarai,ஆகாசத்தாமரை,6
aagaasappańdhal,ஆகாசப்பந்தல்,6
aagaappuLugu,ஆகாப்புளுகு,5
aagaasam,ஆகாசம்,4
aagaasalingam,ஆகாசலிங்கம்,6
aagaasavaaNi,ஆகாசவாணி,5
aagaaththiyam,ஆகாத்தியம்,5
aagaadhavan,ஆகாதவன்,5
aagaamiyam,ஆகாமியம்,5
aagaayakkappal,ஆகாயக்கப்பல்,6
aagaakkoattai,ஆகாக்கோட்டை,4
aagaayagangai,ஆகாயகங்கை,5
aagaayakamanam,ஆகாயகமனம்,7
aagaayaththaamarai,ஆகாயத்தாமரை,6
aagaayappańdhal,ஆகாயப்பந்தல்,6
aagaayappuLugu,ஆகாயப்புளுகு,6
aagaayam,ஆகாயம்,4
aagaayalingam,ஆகாயலிங்கம்,6
aagaayavaaNi,ஆகாயவாணி,5
aagaaram,ஆகாரம்,4
aagiya,ஆகிய,3
aakirudhi,ஆகிருதி,4
aagil,ஆகில்,3
aagilum,ஆகிலும்,4
aagivańdha,ஆகிவந்த,4
aagu,ஆகு,2
aagudhi,ஆகுதி,3
aagupeyar,ஆகுபெயர்,5
aagulam,ஆகுலம்,4
aaguvadhu,ஆகுவது,4
aaguLi,ஆகுளி,3
aagaiyaal,ஆகையால்,4
aanga,ஆங்க,2
aangaN,ஆங்கண்,3
aanganam,ஆங்கனம்,4
aangaangu,ஆங்காங்கு,3
aangaaram,ஆங்காரம்,4
aangaalam,ஆங்காலம்,4
aangilam,ஆங்கிலம்,4
aangu,ஆங்கு,2
aangnganam,ஆன்க்ங்கனம்,4
aachchariyam,ஆச்சரியம்,5
aachchaa,ஆச்சா,2
aachchi,ஆச்சி,2
aachichiyam,ஆசிசியம்,5
aachichiramam,ஆசிசிரமம்,6
aachichirayam,ஆசிசிரயம்,6
aachchu,ஆச்சு,2
aasangai,ஆசங்கை,3
aasańdhi,ஆசந்தி,3
aasam,ஆசம்,3
aasamanam,ஆசமனம்,5
aasayam,ஆசயம்,4
aasari,ஆசரி,3
aasavam,ஆசவம்,4
aasaRudhi,ஆசறுதி,4
aasanam,ஆசனம்,4
aasanavaay,ஆசனவாய்,5
aasanan,ஆசனன்,4
aasaabangam,ஆசாபங்கம்,5
aasaapaasam,ஆசாபாசம்,5
aasaami,ஆசாமி,3
aasaarakkaLLan,ஆசாரக்கள்ளன்,6
aasaarakkoavai,ஆசாரக்கோவை,5
aasaaram,ஆசாரம்,4
aasaaravaasal,ஆசாரவாசல்,6
aasaari,ஆசாரி,3
aasaariyan,ஆசாரியன்,5
aasaan,ஆசான்,3
aasi,ஆசி,2
aasiyam,ஆசியம்,4
aasiyaa,ஆசியா,3
aasiramam,ஆசிரமம்,5
aasirayi,ஆசிரயி,4
aasiriyappaa,ஆசிரியப்பா,5
aasiriyam,ஆசிரியம்,5
aasiriyavasanam,ஆசிரியவசனம்,8
aasiriyar,ஆசிரியர்,5
aasiriyan,ஆசிரியன்,5
aasini,ஆசினி,3
aaseeyam,ஆசீயம்,4
aaseervadhi,ஆசீர்வதி,4
aaseevagar,ஆசீவகர்,5
aasu,ஆசு,2
aasugam,ஆசுகம்,4
aasukavi,ஆசுகவி,4
aasugi,ஆசுகி,3
aasuram,ஆசுரம்,4
aasuri,ஆசுரி,3
aasuvaasam,ஆசுவாசம்,5
aasai,ஆசை,2
aasaikkizhaththi,ஆசைக்கிழத்தி,5
aasaikaattu,ஆசைகாட்டு,4
aasainaayagi,ஆசைனாயகி,5
aasaippadu,ஆசைப்படு,4
aasowcham,ஆசொளசம்,4
aanjańaeyan,ஆஞ்சநேயன்,5
aangyngyaachakkaram,ஆஞ்ஞாசக்கரம்,6
aangyngyaapi,ஆஞ்ஞாபி,3
aangyngyai,ஆஞ்ஞை,2
aatkaatti,ஆட்காட்டி,3
aatkooli,ஆட்கூலி,3
aatkolli,ஆட்கொல்லி,3
aatkoL,ஆட்கொள்,3
aatchi,ஆட்சி,2
aatchimozhi,ஆட்சிமொழி,4
aatchei,ஆட்செஇ,3
aatchaebam,ஆட்சேபம்,4
aatchaebi,ஆட்சேபி,3
aattam,ஆட்டம்,3
aattal,ஆட்டல்,3
aattu,ஆட்டு,2
aattukkal,ஆட்டுக்கல்,4
aattukkidai,ஆட்டுக்கிடை,4
aattuththotti,ஆட்டுத்தொட்டி,4
aattuppatti,ஆட்டுப்பட்டி,4
aattuppalagai,ஆட்டுப்பலகை,5
aattural,ஆட்டுரல்,4
attroasanai,அட்ட்ரோசனை,4
aattai,ஆட்டை,2
aatpadu,ஆட்படு,3
aatpiramaaNam,ஆட்பிரமாணம்,6
aadagam,ஆடகம்,4
aadagan,ஆடகன்,4
aadagi,ஆடகி,3
aadam,ஆடம்,3
aadambaram,ஆடம்பரம்,5
aadal,ஆடல்,3
aadalai,ஆடலை,3
aadavar,ஆடவர்,4
aadavallaan,ஆடவல்லான்,5
aadavaL,ஆடவள்,4
aadavan,ஆடவன்,4
aadaathoadai,ஆடாதோடை,4
aadi,ஆடி,2
aadippattam,ஆடிப்பட்டம்,5
aadipperukku,ஆடிப்பெருக்கு,5
aadippoa,ஆடிப்போ,3
aadu,ஆடு,2
aadukaLam,ஆடுகளம்,5
aadusadhai,ஆடுசதை,4
aaduthinnaappaaLai,ஆடுதின்னாப்பாளை,6
aadutheeNdaappaaLai,ஆடுதீண்டாப்பாளை,6
aaduńar,ஆடுநர்,4
aadumaadu,ஆடுமாடு,4
Aadoo u,Aஅடூ உ,2
aadooumunnilai,ஆடூஉமுன்னிலை,6
aadoouvaRisol,ஆடூஉவறிசொல்,7
aadai,ஆடை,2
aaN,ஆண்,2
aaNdalai,ஆண்டலை,3
aaNdalaikkodi,ஆண்டலைக்கொடி,5
aaNdavan,ஆண்டவன்,4
aaNdaLappaan,ஆண்டளப்பான்,5
aaNdaaL,ஆண்டாள்,3
aaNdaan,ஆண்டான்,3
aaNdi,ஆண்டி,2
aaNdichchi,ஆண்டிச்சி,3
aaNdu,ஆண்டு,2
aaNdai,ஆண்டை,2
aaNdozhil,ஆண்டொழில்,4
aaNpanai,ஆண்பனை,3
aaNpaal,ஆண்பால்,3
aaNpiLLai,ஆண்பிள்ளை,3
aaNmagan,ஆண்மகன்,4
aaNmaram,ஆண்மரம்,4
aaNmai,ஆண்மை,2
aaNam,ஆணம்,3
aaNavam,ஆணவம்,4
aaNi,ஆணி,2
aaNikkal,ஆணிக்கல்,4
aaNiththangam,ஆணித்தங்கம்,5
aaNiththaram,ஆணித்தரம்,5
aaNippon,ஆணிப்பொன்,4
aaNimuththu,ஆணிமுத்து,4
aaNivaer,ஆணிவேர்,4
aaNu,ஆணு,2
aaNai,ஆணை,2
aaNaiyar,ஆணையர்,4
aaNaiyidu,ஆணையிடு,4
aaththam,ஆத்தம்,3
aaththan,ஆத்தன்,3
aaththaadi,ஆத்தாடி,3
aaththaaL,ஆத்தாள்,3
aaththi,ஆத்தி,2
aaththigan,ஆத்திகன்,4
aaththiram,ஆத்திரம்,4
aathmasuththi,ஆத்மசுத்தி,4
aathmangyaanam,ஆத்மஞானம்,5
aathmathirupthi,ஆத்மதிருப்தி,5
aathmaa,ஆத்மா,2
aathmaarththam,ஆத்மார்த்தம்,4
aadhadhaayi,ஆததாயி,4
aadhapaththiram,ஆதபத்திரம்,6
aadhabam,ஆதபம்,4
aadhaban,ஆதபன்,4
aadham,ஆதம்,3
aadharam,ஆதரம்,4
aadharavu,ஆதரவு,4
aadhari,ஆதரி,3
aadharisanam,ஆதரிசனம்,6
aadhal,ஆதல்,3
aadhalaal,ஆதலால்,4
aadhavam,ஆதவம்,4
aadhavan,ஆதவன்,4
aadhan,ஆதன்,3
aadhanam,ஆதனம்,4
aadhanam,ஆதனம்,4
aadhaam,ஆதாம்,3
aadhaayam,ஆதாயம்,4
aadhaaram,ஆதாரம்,4
aadhaaLi,ஆதாளி,3
aadhi,ஆதி,2
aadhikkiyam,ஆதிக்கியம்,5
aadhikavi,ஆதிகவி,4
aadhikaavyam,ஆதிகாவ்யம்,5
aadhisaedan,ஆதிசேடன்,5
aadhisaivan,ஆதிசைவன்,5
aadhiththar,ஆதித்தர்,4
aadhiththavaaram,ஆதித்தவாரம்,6
aadhiththan,ஆதித்தன்,4
aadhińool,ஆதிநூல்,4
aadhibagavan,ஆதிபகவன்,6
aadhipaththiyam,ஆதிபத்தியம்,6
aadhipadhi,ஆதிபதி,4
aadhiban,ஆதிபன்,4
aadhimoolam,ஆதிமூலம்,5
aadhiyańtham,ஆதியந்தம்,5
aadhiyaazh,ஆதியாழ்,4
aadhiyoadańdham,ஆதியோடந்தம்,6
aadhirai,ஆதிரை,3
aadhivaaram,ஆதிவாரம்,5
aadheeNdukutRi,ஆதீண்டுகுற்றி,5
adheenkarththaa,அதீன்கர்த்தா,4
aadheenam,ஆதீனம்,4
aadhu,ஆது,2
aadhuram,ஆதுரம்,4
aadhularsaalai,ஆதுலர்சாலை,5
aadhulan,ஆதுலன்,4
aadhoNdai,ஆதொண்டை,3
aathoaraNan,ஆதோரணன்,5
aańthiram,ஆந்திரம்,4
aańthirar,ஆந்திரர்,4
aańdhai,ஆந்தை,2
aańirai,ஆநிரை,3
aańilai,ஆநிலை,3
aańindRu,ஆநின்ன்று,3
aapkaari,ஆப்காரி,3
aapdhan,ஆப்தன்,3
aapdhigam,ஆப்திகம்,4
aappam,ஆப்பம்,3
aappi,ஆப்பி,2
aappee,ஆப்பீ,2
aappu,ஆப்பு,2
aappai,ஆப்பை,2
aaprikkaa,ஆப்ரிக்கா,3
aabaththu,ஆபத்து,3
aabaththusambaththu,ஆபத்துசம்பத்து,6
aapadham,ஆபதம்,4
aapayan,ஆபயன்,4
aaparaNam,ஆபரணம்,5
aabaasam,ஆபாசம்,4
aabisaaram,ஆபிசாரம்,5
aapirikkaa,ஆபிரிக்கா,4
aabeesu,ஆபீசு,3
aabeeś,ஆபீஸ்,3
aam,ஆம்,2
aambal,ஆம்பல்,3
aambi,ஆம்பி,2
aamasiraaththam,ஆமசிராத்தம்,6
aamasiraarththam,ஆமசிரார்த்தம்,6
aamaNakku,ஆமணக்கு,4
aamańthirigai,ஆமந்திரிகை,5
aamayam,ஆமயம்,4
aamalagam,ஆமலகம்,5
aamalagi,ஆமலகி,4
aamaLavum,ஆமளவும்,5
aamaa,ஆமா,2
aamaaththiyan,ஆமாத்தியன்,5
aamaam,ஆமாம்,3
aamaaRu,ஆமாறு,3
aamaan,ஆமான்,3
aamisam,ஆமிசம்,4
aamidam,ஆமிடம்,4
aamiram,ஆமிரம்,4
aamilam,ஆமிலம்,4
aamiksham,ஆமிக்ஷம்,4
aamen,ஆமென்,3
aamai,ஆமை,2
aamaippalagai,ஆமைப்பலகை,5
aamaiyoadu,ஆமையோடு,4
aamoadhi,ஆமோதி,3
aay,ஆய்,2
aaykkudi,ஆய்க்குடி,3
aaykkuzhal,ஆய்க்குழல்,4
aaychchi,ஆய்ச்சி,2
aaydhakkuRukkam,ஆய்தக்குறுக்கம்,6
aaydhappuLLi,ஆய்தப்புள்ளி,4
aaydham,ஆய்தம்,3
aayppaadi,ஆய்ப்பாடி,3
aaymagaL,ஆய்மகள்,4
aaymagan,ஆய்மகன்,4
aaymadhi,ஆய்மதி,3
aaymayil,ஆய்மயில்,4
aaymalar,ஆய்மலர்,4
aayvaaLar,ஆய்வாளர்,4
aayvukkoodam,ஆய்வுக்கூடம்,5
aayvu,ஆய்வு,2
aayvurai,ஆய்வுரை,3
aayvaedu,ஆய்வேடு,3
aayakkattu,ஆயக்கட்டு,4
aayakkaaran,ஆயக்காரன்,5
aayakkaal,ஆயக்கால்,4
aayakalam,ஆயகலம்,5
aayaththam,ஆயத்தம்,4
aaththaar,ஆத்தார்,3
aayam,ஆயம்,3
aayar,ஆயர்,3
aayarkulam,ஆயர்குலம்,5
aayarpaadi,ஆயர்பாடி,4
aayavan,ஆயவன்,4
aayan,ஆயன்,3
aayaa,ஆயா,2
aayaasam,ஆயாசம்,4
aayaaL,ஆயாள்,3
aayi,ஆயி,2
aayidai,ஆயிடை,3
aayiram,ஆயிரம்,4
aayiliyam,ஆயிலியம்,5
aayizhai,ஆயிழை,3
aayin,ஆயின்,3
aayinum,ஆயினும்,4
aayu,ஆயு,2
aayusu,ஆயுசு,3
aayudhasaalai,ஆயுதசாலை,5
aayudhapaaNi,ஆயுதபாணி,5
aayudham,ஆயுதம்,4
aayurvaedham,ஆயுர்வேதம்,5
aayuL,ஆயுள்,3
aar,ஆர்,2
aarkali,ஆர்கலி,3
aarchchidham,ஆர்ச்சிதம்,4
aarppari,ஆர்ப்பரி,3
aarppaattam,ஆர்ப்பாட்டம்,4
aarppu,ஆர்ப்பு,2
aarmoaniyam,ஆர்மோனியம்,5
aarvam,ஆர்வம்,3
aarvalan,ஆர்வலன்,4
aarvaliththal,ஆர்வலித்தல்,5
aarjidham,ஆர்ஜிதம்,4
aara,ஆர,2
aarakkaal,ஆரக்கால்,4
aaranju,ஆரஞ்சு,3
aarangyar,ஆரஞர்,4
aaraNyagam,ஆரண்யகம்,5
aaraNam,ஆரணம்,4
aaraNiyam,ஆரணியம்,5
aaraththi,ஆரத்தி,3
aaradhi,ஆரதி,3
aarabi,ஆரபி,3
aaram,ஆரம்,3
aarambam,ஆரம்பம்,4
aarambi,ஆரம்பி,3
aararuL,ஆரருள்,4
aaral,ஆரல்,3
aaravaaram,ஆரவாரம்,5
aaravaari,ஆரவாரி,4
aaraa,ஆரா,2
aaraadhanam,ஆராதனம்,5
aaraadhanai,ஆராதனை,4
aaraadhi,ஆராதி,3
aaraamam,ஆராமம்,4
aaraamai,ஆராமை,3
aaraay,ஆராய்,3
aaraaychchimaNi,ஆராய்ச்சிமணி,5
aaraavamudham,ஆராவமுதம்,6
aaraavamudhu,ஆராவமுது,5
aaridam,ஆரிடம்,4
aaridar,ஆரிடர்,4
aariyakkooththu,ஆரியக்கூத்து,5
aariyam,ஆரியம்,4
aariyan,ஆரியன்,4
aariyavarththam,ஆரியவர்த்தம்,6
aarugadham,ஆருகதம்,5
aarugadhan,ஆருகதன்,5
aaruyir,ஆருயிர்,4
aaruyirmaruńdhu,ஆருயிர்மருந்து,6
aaroodam,ஆரூடம்,4
aaroodan,ஆரூடன்,4
aarai,ஆரை,2
aaroakkiyam,ஆரோக்கியம்,5
aaroakyam,ஆரோக்யம்,4
aaroagaNam,ஆரோகணம்,5
aaroabi,ஆரோபி,3
aal,ஆல்,2
aalbakoaraa,ஆல்பகோரா,4
aalakaalam,ஆலகாலம்,5
aalangatti,ஆலங்கட்டி,4
aalasiyam,ஆலசியம்,5
aalaththi,ஆலத்தி,3
aalam,ஆலம்,3
aalayam,ஆலயம்,4
aalal,ஆலல்,3
aalavattam,ஆலவட்டம்,5
aalavaay,ஆலவாய்,4
aalavaalam,ஆலவாலம்,5
aalaa,ஆலா,2
aalaangatti,ஆலாங்கட்டி,4
aalaasiyam,ஆலாசியம்,5
aalaaththi,ஆலாத்தி,3
aalaappaRaththal,ஆலாப்பறத்தல்,6
aalaapanam,ஆலாபனம்,5
aalaapanai,ஆலாபனை,4
aalaapi,ஆலாபி,3
aalaalm,ஆலால்ம்,3
aali,ஆலி,2
aalinganam,ஆலிங்கனம்,5
aalai,ஆலை,2
aaloasanai,ஆலோசனை,4
aaloasi,ஆலோசி,3
aaloalam,ஆலோலம்,4
aava,ஆவ,2
aavaNakkaLam,ஆவணக்களம்,6
aavaNakkaLari,ஆவணக்களரி,6
aavaNam,ஆவணம்,4
aavaNavoalai,ஆவணவோலை,5
aavaNi,ஆவணி,3
aavańaazhi,ஆவநாழி,4
aavańaazhigai,ஆவநாழிகை,5
aavam,ஆவம்,3
aavayin,ஆவயின்,4
aavarththam,ஆவர்த்தம்,4
aavarththi,ஆவர்த்தி,3
aavaraNam,ஆவரணம்,5
aavari,ஆவரி,3
aaval,ஆவல்,3
aavalangottu,ஆவலங்கொட்டு,5
aavalar,ஆவலர்,4
aavalaadhi,ஆவலாதி,4
aavali,ஆவலி,3
aavaLi,ஆவளி,3
aavaa,ஆவா,2
aavaarai,ஆவாரை,3
aavi,ஆவி,2
aaviyar,ஆவியர்,4
aavirpaviththal,ஆவிர்பவித்தல்,6
aavirai,ஆவிரை,3
aavudaiyaar,ஆவுடையார்,5
aavudaiyaaL,ஆவுடையாள்,5
aavurinji,ஆவுரிஞ்சி,4
aavaesam,ஆவேசம்,4
aavaeRu,ஆவேறு,3
aazh,ஆழ்,2
aazhkuzhaaykkiNaRu,ஆழ்குழாய்க்கிணறு,6
aazhththu,ஆழ்த்து,2
aazhthuLaikkiNaRu,ஆழ்துளைக்கிணறு,6
aazhńdha,ஆழ்ந்த,2
aazhńdhu,ஆழ்ந்து,2
aazhvaar,ஆழ்வார்,3
aazhvu,ஆழ்வு,2
aazham,ஆழம்,3
aazhampaar,ஆழம்பார்,4
aazhal,ஆழல்,3
aazhaakku,ஆழாக்கு,3
aazhi,ஆழி,2
aazhiththee,ஆழித்தீ,3
aazhimaalvarai,ஆழிமால்வரை,5
aazhiyaan,ஆழியான்,4
aazhiyizhaiththal,ஆழியிழைத்தல்,6
aazhiviral,ஆழிவிரல்,5
aazhumbaazhumaay,ஆழும்பாழுமாய்,6
aaL,ஆள்,2
aaLkaattiviral,ஆள்காட்டிவிரல்,6
aaLpadai,ஆள்படை,3
aaLmaaRaattam,ஆள்மாறாட்டம்,5
aaLvari,ஆள்வரி,3
aaLvaari,ஆள்வாரி,3
aaLvidu,ஆள்விடு,3
aaLvinai,ஆள்வினை,3
aaLaththi,ஆளத்தி,3
aaLari,ஆளரி,3
aaLan,ஆளன்,3
aaLaakku,ஆளாக்கு,3
aaLi,ஆளி,2
aaLugai,ஆளுகை,3
aaLuńar,ஆளுநர்,4
aaLoadi,ஆளோடி,3
aatRa,ஆற்ற,2
aatRamaattaamai,ஆற்றமாட்டாமை,5
aatRal,ஆற்றல்,3
aatRaamai,ஆற்றாமை,3
aatRaar,ஆற்றார்,3
aatRidaikkuRai,ஆற்றிடைக்குறை,5
aatRu,ஆற்று,2
aatRuNaa,ஆற்றுணா,3
aatRuppadai,ஆற்றுப்படை,4
aatRuvari,ஆற்றுவரி,4
aatRuvaar,ஆற்றுவார்,4
aatRuviththal,ஆற்றுவித்தல்,5
aatRedhirppadal,ஆற்றெதிர்ப்படல்,6
aaRangam,ஆறங்கம்,4
aaRappoadu,ஆறப்போடு,4
aaRalai,ஆறலை,3
aaRavamara,ஆறவமர,5
aaRaa,ஆறா,2
aaRaaththuyar,ஆறாத்துயர்,5
aaRaappuN,ஆறாப்புண்,4
aaRaayirappadi,ஆறாயிரப்படி,6
aaRaayiram,ஆறாயிரம்,5
aaRu,ஆறு,2
aan,ஆன்,2
aankandRu,ஆன்கன்ன்று,3
aankottil,ஆன்கொட்டில்,4
aanporuńdham,ஆன்பொருந்தம்,5
aanporuńai,ஆன்பொருநை,4
aanmadharisanam,ஆன்மதரிசனம்,7
aanmaa,ஆன்மா,2
aandRa,ஆன்ன்ற,2
aandRamaińdha,ஆன்ன்றமைந்த,4
aadRavar,ஆன்றவர்,4
aadRaar,ஆன்றார்,3
aadRoar,ஆன்றோர்,3
aana,ஆன,2
aanagam,ஆனகம்,4
aananju,ஆனஞ்சு,3
aanańdhabairavi,ஆனந்தபைரவி,6
aanańdham,ஆனந்தம்,4
aanańdhavuvamai,ஆனந்தவுவமை,6
aanańdhiththal,ஆனந்தித்தல்,5
aanamattum,ஆனமட்டும்,5
aanavai,ஆனவை,3
